,statusId,sensorName,valueX,valueY,valueZ,timestamp
0,26,Accelerometer,0.92535895,0.49679685,9.425972,1549398146607
1,26,Accelerometer,0.92535895,0.49679685,9.425972,1549398146616
2,26,Accelerometer,0.8391677,0.49440265,9.131485000000001,1549398146627
3,26,Accelerometer,0.94570965,0.58418524,9.665392,1549398146637
4,26,Accelerometer,0.9504981,0.5793968,9.793482000000001,1549398146646
5,26,Gyroscope,-0.006010906999999999,-0.007018841,-0.005064073,1549398146657
6,26,Accelerometer,0.9516952,0.60932434,9.7803135,1549398146657
7,26,Gyroscope,-0.0066217724,-0.006407976,-0.0044532074,1549398146666
8,26,Accelerometer,0.94930094,0.65242,9.785102,1549398146666
9,26,Gyroscope,-0.0017348509,-0.005797110500000001,-0.0044532074,1549398146676
10,26,Accelerometer,0.9732430000000001,0.6715736,9.797073,1549398146677
11,26,Gyroscope,-0.0035674459999999997,-0.006407976,-0.0044532074,1549398146686
12,26,Accelerometer,0.9888053,0.70509243,9.76116,1549398146687
13,26,Gyroscope,-0.0035674459999999997,-0.007629706500000001,-0.0020097466,1549398146696
14,26,Accelerometer,0.9744401,0.6955156,9.774328,1549398146697
15,26,Gyroscope,-0.0023457147,-0.008851437,-0.0007880160000000001,1549398146706
16,26,Accelerometer,0.9600749,0.6548142,9.770736999999999,1549398146706
17,26,Gyroscope,-0.0029565803999999996,-0.008851437,-0.0007880160000000001,1549398146716
18,26,Accelerometer,0.9540894,0.6572084,9.770736999999999,1549398146717
19,26,Gyroscope,-0.0011239853,-0.007629706500000001,-0.00017715083,1549398146726
20,26,Accelerometer,0.92057055,0.6631939,9.767146,1549398146726
21,26,Gyroscope,-0.0011239853,-0.007018841,0.0022663101999999997,1549398146737
22,26,Accelerometer,0.8702923,0.664391,9.757569,1549398146737
23,26,Gyroscope,-0.0005131196,-0.007018841,0.0028771753,1549398146746
24,26,Accelerometer,0.8319851,0.6548142,9.770736999999999,1549398146746
25,26,Gyroscope,-0.0047891755,-0.00457538,0.001655445,1549398146756
26,26,Accelerometer,0.8631097,0.6440403,9.767146,1549398146757
27,26,Gyroscope,-0.0017348509,-0.00457538,0.001655445,1549398146766
28,26,Accelerometer,0.89543146,0.60453594,9.749189,1549398146766
29,26,Gyroscope,-0.0029565803999999996,-0.0027427840000000003,-0.0007880160000000001,1549398146776
30,26,Accelerometer,0.93972415,0.58418524,9.752781,1549398146777
31,26,Gyroscope,-0.009065231,-0.00029932335,0.001655445,1549398146786
32,26,Accelerometer,0.94451255,0.5638345,9.775525,1549398146786
33,26,Gyroscope,-0.0035674459999999997,-0.005186245999999999,0.0022663101999999997,1549398146796
34,26,Accelerometer,0.9768343,0.5626374,9.773131,1549398146797
35,26,Gyroscope,-0.0029565803999999996,-0.005186245999999999,-0.0007880160000000001,1549398146806
36,26,Accelerometer,0.9959879,0.59017074,9.775525,1549398146806
37,26,Gyroscope,-0.00417831,-0.00457538,-0.00017715083,1549398146816
38,26,Accelerometer,0.9708488000000001,0.59974754,9.783905,1549398146817
39,26,Gyroscope,-0.00417831,-0.005797110500000001,-0.003231477,1549398146826
40,26,Accelerometer,0.93493575,0.5722142,9.787497,1549398146827
41,26,Gyroscope,-0.0047891755,-0.006407976,-0.003231477,1549398146836
42,26,Accelerometer,0.90261406,0.58777654,9.764750999999999,1549398146837
43,26,Gyroscope,-0.0035674459999999997,-0.005186245999999999,-0.00934013,1549398146846
44,26,Accelerometer,0.8774749,0.62728083,9.765948,1549398146847
45,26,Gyroscope,-0.0011239853,-0.005797110500000001,-0.00934013,1549398146856
46,26,Accelerometer,0.8750806999999999,0.6991069000000001,9.768343,1549398146857
47,26,Gyroscope,-0.0054000409999999995,-0.007018841,-0.0075075338,1549398146866
48,26,Accelerometer,0.89423436,0.7182605,9.773131,1549398146867
49,26,Gyroscope,-0.0035674459999999997,-0.0033536497999999996,-0.003231477,1549398146876
50,26,Accelerometer,0.8750806999999999,0.6895300999999999,9.773131,1549398146877
51,26,Gyroscope,-0.0035674459999999997,-0.005797110500000001,-0.0013988813000000001,1549398146886
52,26,Accelerometer,0.8774749,0.641646,9.801862,1549398146887
53,26,Gyroscope,-0.0029565803999999996,-0.0021319194,0.00043371435999999995,1549398146896
54,26,Accelerometer,0.90500826,0.6344634,9.7863,1549398146897
55,26,Gyroscope,0.0019303411,-0.008240572,0.0010445798,1549398146906
56,26,Accelerometer,0.92895025,0.63087213,9.783905,1549398146907
57,26,Gyroscope,-0.0011239853,-0.007629706500000001,-0.0020097466,1549398146916
58,26,Accelerometer,0.8870517,0.60693014,9.783905,1549398146917
59,26,Gyroscope,-0.0023457147,-0.005186245999999999,-0.005064073,1549398146926
60,26,Accelerometer,0.8690952,0.58657944,9.767146,1549398146927
61,26,Gyroscope,-0.0023457147,-0.008851437,-0.010561859,1549398146936
62,26,Accelerometer,0.89423436,0.5758055000000001,9.76954,1549398146937
63,26,Gyroscope,-0.0035674459999999997,-0.007629706500000001,-0.014837916999999999,1549398146946
64,26,Accelerometer,0.866701,0.5805939,9.762358,1549398146947
65,26,Gyroscope,-0.0029565803999999996,-0.006407976,-0.016059646,1549398146956
66,26,Accelerometer,0.8571242,0.5386954,9.768343,1549398146957
67,26,Gyroscope,-0.00417831,-0.0039645154,-0.019113973,1549398146966
68,26,Accelerometer,0.8726865,0.5626374,9.79827,1549398146967
69,26,Gyroscope,-0.0029565803999999996,-0.008240572,-0.015448783,1549398146976
70,26,Accelerometer,0.93134445,0.61171854,9.775525,1549398146976
71,26,Gyroscope,-0.006010906999999999,-0.005186245999999999,-0.018503106999999998,1549398146986
72,26,Accelerometer,0.9720459000000001,0.6811504,9.78989,1549398146987
73,26,Gyroscope,-0.0023457147,-0.00457538,-0.015448783,1549398146996
74,26,Accelerometer,0.9756372,0.7410054,9.755175,1549398146996
75,26,Gyroscope,-0.006010906999999999,-0.005186245999999999,-0.011172725,1549398147006
76,26,Accelerometer,1.0019734,0.7350199000000001,9.7958765,1549398147007
77,26,Gyroscope,-0.0029565803999999996,-0.009462303,-0.011783591000000001,1549398147016
78,26,Accelerometer,1.009156,0.7541734999999999,9.779117,1549398147017
79,26,Gyroscope,-0.0047891755,-0.008240572,-0.011783591000000001,1549398147026
80,26,Accelerometer,0.9804255999999999,0.7793127,9.749189,1549398147027
81,26,Gyroscope,-0.0035674459999999997,-0.007018841,-0.0075075338,1549398147036
82,26,Accelerometer,0.9636662,0.7697359,9.76954,1549398147036
83,26,Gyroscope,-0.0017348509,-0.011294898000000001,-0.0075075338,1549398147046
84,26,Accelerometer,0.93373865,0.79008657,9.765948,1549398147047
85,26,Gyroscope,-0.0035674459999999997,-0.008851437,0.0010445798,1549398147056
86,26,Accelerometer,0.92416185,0.78050977,9.7803135,1549398147057
87,26,Gyroscope,-0.00417831,-0.008240572,0.0034880404999999997,1549398147066
88,26,Accelerometer,0.94211835,0.7649474,9.768343,1549398147067
89,26,Gyroscope,-0.0035674459999999997,-0.005797110500000001,0.008374963000000001,1549398147076
90,26,Accelerometer,1.0031705,0.7553706,9.764750999999999,1549398147076
91,26,Gyroscope,-0.0035674459999999997,-0.009462303,0.010207558,1549398147087
92,26,Accelerometer,1.0570401000000003,0.7338228,9.770736999999999,1549398147087
93,26,Gyroscope,-0.0054000409999999995,-0.008851437,0.007153232,1549398147096
94,26,Accelerometer,1.0594343000000002,0.7182605,9.755175,1549398147096
95,26,Gyroscope,-0.0072326380000000004,-0.006407976,0.005320636,1549398147107
96,26,Accelerometer,0.9923966000000001,0.60094464,9.767146,1549398147107
97,26,Gyroscope,-0.008454369,-0.009462303,0.00043371435999999995,1549398147116
98,26,Accelerometer,0.92057055,0.50158525,9.76116,1549398147117
99,26,Gyroscope,-0.0072326380000000004,-0.009462303,-0.003231477,1549398147126
100,26,Accelerometer,0.89184016,0.50876784,9.776722999999999,1549398147126
101,26,Gyroscope,-0.009676097,-0.006407976,-0.011172725,1549398147136
102,26,Accelerometer,0.8822633,0.5446809,9.773131,1549398147137
103,26,Gyroscope,-0.009065231,-0.006407976,-0.012394456000000002,1549398147146
104,26,Accelerometer,0.8774749,0.5770026,9.783905,1549398147147
105,26,Gyroscope,-0.009676097,-0.00457538,-0.011172725,1549398147156
106,26,Accelerometer,0.89423436,0.61411273,9.7803135,1549398147157
107,26,Gyroscope,-0.010286963,-0.007018841,-0.0081183985,1549398147166
108,26,Accelerometer,0.93852705,0.6404489000000001,9.799467,1549398147166
109,26,Gyroscope,-0.0047891755,-0.005797110500000001,-0.0038423421999999995,1549398147177
110,26,Accelerometer,0.9720459000000001,0.61052144,9.801862,1549398147177
111,26,Gyroscope,-0.0017348509,-0.007018841,-0.003231477,1549398147186
112,26,Accelerometer,0.9959879,0.60932434,9.803059,1549398147187
113,26,Gyroscope,-0.0023457147,-0.009462303,-0.0007880160000000001,1549398147196
114,26,Accelerometer,1.0941502,0.5710170999999999,9.797073,1549398147196
115,26,Gyroscope,-0.0035674459999999997,-0.009462303,-0.0007880160000000001,1549398147207
116,26,Accelerometer,1.0869676000000001,0.59256494,9.793482000000001,1549398147207
117,26,Gyroscope,-0.0035674459999999997,-0.011294898000000001,-0.0013988813000000001,1549398147216
118,26,Accelerometer,1.0737995,0.6332663000000001,9.770736999999999,1549398147217
119,26,Gyroscope,-0.0054000409999999995,-0.009462303,-0.003231477,1549398147226
120,26,Accelerometer,1.0737995,0.676362,9.781511,1549398147226
121,26,Gyroscope,-0.0054000409999999995,-0.013127493999999998,-0.0013988813000000001,1549398147236
122,26,Accelerometer,1.1121067,0.7613561,9.765948,1549398147237
123,26,Gyroscope,-0.007843504,-0.01496009,-0.00017715083,1549398147246
124,26,Accelerometer,1.1264718999999999,0.7661445,9.7958765,1549398147247
125,26,Gyroscope,-0.0066217724,-0.013127493999999998,-0.0007880160000000001,1549398147256
126,26,Accelerometer,1.1001357,0.6991069000000001,9.745598,1549398147257
127,26,Gyroscope,-0.0066217724,-0.013127493999999998,-0.0007880160000000001,1549398147266
128,26,Accelerometer,1.0654198000000001,0.61650693,9.827001,1549398147266
129,26,Gyroscope,-0.007843504,-0.014349223999999999,-0.0056749377,1549398147277
130,26,Accelerometer,1.0642227,0.38307226,9.720459,1549398147277
131,26,Gyroscope,9.774603000000001e-05,-0.013127493999999998,-0.011172725,1549398147286
132,26,Accelerometer,1.1384428999999998,0.533907,9.846153999999999,1549398147287
133,26,Gyroscope,-0.015173883999999999,-0.013127493999999998,-0.013616186,1549398147296
134,26,Accelerometer,1.0726023999999998,0.38187516,9.7479925,1549398147296
135,26,Gyroscope,-0.0029565803999999996,-0.013738358,-0.020335704,1549398147307
136,26,Accelerometer,1.0079589,0.50517654,9.673772,1549398147307
137,26,Gyroscope,-0.014563018,-0.011905763,-0.018503106999999998,1549398147316
138,26,Accelerometer,1.0103531,0.42736499999999994,9.838972,1549398147317
139,26,Gyroscope,-0.0066217724,-0.01618182,-0.020946568,1549398147326
140,26,Accelerometer,0.9935937,0.48123455,9.745598,1549398147326
141,26,Gyroscope,-0.0066217724,-0.010684033,-0.0221683,1549398147337
142,26,Accelerometer,0.9636662,0.48602295,9.793482000000001,1549398147337
143,26,Gyroscope,-0.009065231,-0.006407976,-0.026444355,1549398147346
144,26,Accelerometer,0.9983820999999999,0.45729253,9.82341,1549398147347
145,26,Gyroscope,-0.0029565803999999996,-0.007629706500000001,-0.030109547,1549398147356
146,26,Accelerometer,1.0666169,0.48003745,9.714474000000001,1549398147356
147,26,Gyroscope,-0.009676097,-0.010073167,-0.036829066,1549398147367
148,26,Accelerometer,1.1121067,0.46926352,9.853337,1549398147367
149,26,Gyroscope,-0.0072326380000000004,-0.008851437,-0.042326853,1549398147376
150,26,Accelerometer,1.1959038,0.49320555,9.751583,1549398147377
151,26,Gyroscope,-0.010286963,-0.011294898000000001,-0.052100695999999995,1549398147386
152,26,Accelerometer,1.2389994,0.4141969,9.836577,1549398147386
153,26,Gyroscope,-0.010897828,-0.01496009,-0.060041945,1549398147396
154,26,Accelerometer,1.2413936,0.40581718,9.7863,1549398147397
155,26,Gyroscope,-0.009676097,-0.01496009,-0.06920493,1549398147406
156,26,Accelerometer,1.2354081000000001,0.46567222,9.775525,1549398147407
157,26,Gyroscope,-0.016395615,-0.014349223999999999,-0.07287012,1549398147416
158,26,Accelerometer,1.2306197,0.5374983,9.792285000000001,1549398147417
159,26,Gyroscope,-0.017617347,-0.01618182,-0.07470272,1549398147426
160,26,Accelerometer,1.2162545,0.58897364,9.746795,1549398147427
161,26,Gyroscope,-0.018839078000000002,-0.018625282,-0.07470272,1549398147436
162,26,Accelerometer,1.2126632,0.59376204,9.779117,1549398147437
163,26,Gyroscope,-0.020671671000000003,-0.018625282,-0.08081137,1549398147446
164,26,Accelerometer,1.2797008,0.49320555,9.791088,1549398147446
165,26,Gyroscope,-0.018839078000000002,-0.020457877,-0.085087426,1549398147456
166,26,Accelerometer,1.3515268999999999,0.4381389,9.7719345,1549398147457
167,26,Gyroscope,-0.021282537,-0.021068742,-0.08936348,1549398147467
168,26,Accelerometer,1.3970166000000002,0.44651863,9.816227,1549398147467
169,26,Gyroscope,-0.023115134,-0.022901337999999997,-0.09241781,1549398147476
170,26,Accelerometer,1.4077905000000002,0.42257659999999997,9.765948,1549398147477
171,26,Gyroscope,-0.025558592999999998,-0.020457877,-0.091196075,1549398147486
172,26,Accelerometer,1.3838485,0.42736499999999994,9.768343,1549398147486
173,26,Gyroscope,-0.023726,-0.019847011,-0.089974344,1549398147497
174,26,Accelerometer,1.4257472,0.45489833,9.776722999999999,1549398147497
175,26,Gyroscope,-0.02494773,-0.021679606,-0.08936348,1549398147506
176,26,Accelerometer,1.4065934,0.5255273,9.764750999999999,1549398147507
177,26,Gyroscope,-0.025558592999999998,-0.022901337999999997,-0.09302867,1549398147516
178,26,Accelerometer,1.400608,0.5291186,9.753978,1549398147516
179,26,Gyroscope,-0.026169458,-0.021068742,-0.102802515,1549398147526
180,26,Accelerometer,1.4341268999999999,0.4405331,9.746795,1549398147527
181,26,Gyroscope,-0.03288898,-0.018625282,-0.11257636,1549398147536
182,26,Accelerometer,1.4915876000000001,0.34715924,9.678560000000001,1549398147537
183,26,Gyroscope,-0.028612921,-0.018625282,-0.12540452,1549398147546
184,26,Accelerometer,1.5610195,0.24181437,9.68694,1549398147546
185,26,Gyroscope,-0.029834652000000003,-0.012516629,-0.1260154,1549398147556
186,26,Accelerometer,1.5442601,0.3878607,9.745598,1549398147557
187,26,Gyroscope,-0.030445517999999998,-0.013127493999999998,-0.12296107,1549398147567
188,26,Accelerometer,1.6184803,0.46327803,9.787497,1549398147567
189,26,Gyroscope,-0.03411071,-0.012516629,-0.12357193,1549398147576
190,26,Accelerometer,1.6699557,0.4333505,9.739613,1549398147577
191,26,Gyroscope,-0.030445517999999998,-0.010073167,-0.121739335,1549398147586
192,26,Accelerometer,1.6388310000000001,0.50038815,9.712079,1549398147586
193,26,Gyroscope,-0.029834652000000003,-0.008851437,-0.11685242,1549398147597
194,26,Accelerometer,1.567005,0.5398925,9.734824,1549398147597
195,26,Gyroscope,-0.030445517999999998,-0.0039645154,-0.11746328,1549398147606
196,26,Accelerometer,1.6196774,0.62368953,9.66659,1549398147607
197,26,Gyroscope,-0.029834652000000003,-0.0027427840000000003,-0.114408955,1549398147616
198,26,Accelerometer,1.7034745,0.6667852,9.753978,1549398147616
199,26,Gyroscope,-0.028002055,-0.007018841,-0.11135463,1549398147627
200,26,Accelerometer,1.8183962,0.7015011,9.6845455,1549398147627
201,26,Gyroscope,-0.025558592999999998,-0.010073167,-0.11135463,1549398147636
202,26,Accelerometer,1.9357121,0.7146691999999999,9.742006,1549398147637
203,26,Gyroscope,-0.025558592999999998,-0.010073167,-0.11196549,1549398147646
204,26,Accelerometer,2.0254946,0.6584055,9.710882000000002,1549398147646
205,26,Gyroscope,-0.02739119,-0.019236146000000003,-0.11074376,1549398147656
206,26,Accelerometer,2.1140802000000005,0.581791,9.752781,1549398147657
207,26,Gyroscope,-0.029223787,-0.019236146000000003,-0.11624155,1549398147666
208,26,Accelerometer,2.0123265,0.7038953,9.7084875,1549398147667
209,26,Gyroscope,-0.028002055,-0.018014416000000002,-0.11318722,1549398147676
210,26,Accelerometer,1.9117701,0.59017074,9.580399,1549398147676
211,26,Gyroscope,-0.028002055,-0.018014416000000002,-0.11379809,1549398147686
212,26,Accelerometer,1.8543092,0.7721300999999999,9.518148,1549398147687
213,26,Gyroscope,-0.026169458,-0.018014416000000002,-0.11257636,1549398147696
214,26,Accelerometer,1.8782511999999998,0.92655605,9.622296,1549398147697
215,26,Gyroscope,-0.031667247,-0.018625282,-0.11196549,1549398147706
216,26,Accelerometer,2.0015526,0.8726865,9.700109,1549398147706
217,26,Gyroscope,-0.030445517999999998,-0.018625282,-0.10524598,1549398147716
218,26,Accelerometer,2.1631612999999996,0.8738836,9.66659,1549398147717
219,26,Gyroscope,-0.03716503,-0.025344797999999998,-0.09730473,1549398147726
220,26,Accelerometer,2.291251,0.78529817,10.0748005,1549398147727
221,26,Gyroscope,-0.03288898,-0.03267518,-0.09730473,1549398147736
222,26,Accelerometer,2.3044189999999998,0.40342298,9.767146,1549398147737
223,26,Gyroscope,-0.023726,-0.031453453,-0.108300306,1549398147746
224,26,Accelerometer,2.135628,0.36990416,9.552864999999999,1549398147747
225,26,Gyroscope,-0.023115134,-0.023512203,-0.12112847,1549398147756
226,26,Accelerometer,1.8758569999999999,0.36152446,9.691728999999999,1549398147757
227,26,Gyroscope,-0.017006481,-0.018014416000000002,-0.12479366,1549398147766
228,26,Accelerometer,1.7357962,0.50757074,9.448717,1549398147766
229,26,Gyroscope,-0.03288898,-0.011905763,-0.13212404,1549398147776
230,26,Accelerometer,1.7944542,0.6811504,9.764750999999999,1549398147777
231,26,Gyroscope,-0.029223787,-0.013127493999999998,-0.13334577,1549398147786
232,26,Accelerometer,1.8782511999999998,0.93613285,9.498994999999999,1549398147787
233,26,Gyroscope,-0.023115134,-0.010073167,-0.12479366,1549398147796
234,26,Accelerometer,2.0338743000000004,1.0283096,9.405622,1549398147797
235,26,Gyroscope,-0.028002055,-0.0027427840000000003,-0.10646771,1549398147806
236,26,Accelerometer,2.2613235,0.93014735,9.807847,1549398147807
237,26,Gyroscope,-0.0017348509,-0.008851437,-0.08630916,1549398147816
238,26,Accelerometer,2.4013843999999995,1.1935096,9.674969,1549398147817
239,26,Gyroscope,0.017812836999999998,-0.015570954,-0.055155024000000004,1549398147826
240,26,Accelerometer,2.3630772,1.0666169,10.189722,1549398147827
241,26,Gyroscope,-0.01578475,-0.008851437,-0.053322427,1549398147836
242,26,Accelerometer,2.4492682999999995,0.075417355,9.53012,1549398147837
243,26,Gyroscope,-0.0017348509,-0.00457538,-0.0802005,1549398147847
244,26,Accelerometer,2.111686,0.62967503,9.336189,1549398147847
245,26,Gyroscope,-0.04266282,-0.0009101889999999999,-0.09486127,1549398147856
246,26,Accelerometer,1.8507179,0.30286652,9.709685,1549398147857
247,26,Gyroscope,0.0007086117,-0.0009101889999999999,-0.10524598,1549398147866
248,26,Accelerometer,1.8423381999999997,0.23223756,9.205706,1549398147866
249,26,Gyroscope,-0.013341291000000002,0.008863656,-0.10402425,1549398147877
250,26,Accelerometer,1.7812861,0.5363011999999999,9.8677025,1549398147877
251,26,Gyroscope,0.019645434,-0.0021319194,-0.08081137,1549398147886
252,26,Accelerometer,2.1021092,1.1719618,9.66659,1549398147887
253,26,Gyroscope,0.02269976,0.019248363,-0.05271156,1549398147896
254,26,Accelerometer,2.4744074,0.5255273,8.905233,1549398147896
255,26,Gyroscope,0.011704186,0.045515567,-0.04110512,1549398147906
256,26,Accelerometer,2.2744915,0.4213795,8.615535000000001,1549398147907
257,26,Gyroscope,0.0031520724,0.06506326,-0.019113973,1549398147916
258,26,Accelerometer,1.483208,1.0486604,11.208455,1549398147917
259,26,Gyroscope,-0.045106277,0.040017784,-0.011783591000000001,1549398147926
260,26,Accelerometer,1.282095,0.25857377,11.311406,1549398147926
261,26,Gyroscope,0.00864986,-0.040005565,-0.019113973,1549398147936
262,26,Accelerometer,1.745373,0.7350199000000001,11.392809,1549398147937
263,26,Gyroscope,0.010482455,-0.015570954,-0.03377474,1549398147946
264,26,Accelerometer,1.9177556,0.7110779,8.282741,1549398147947
265,26,Gyroscope,0.037360527000000004,0.026578747000000003,-0.034385603,1549398147956
266,26,Accelerometer,2.1643584,1.0211270000000001,8.263587,1549398147956
267,26,Gyroscope,-0.055490992999999995,0.06078719999999999,-0.025833491,1549398147966
268,26,Accelerometer,2.0422540000000002,0.50158525,8.137891999999999,1549398147967
269,26,Gyroscope,-0.035332433999999996,0.057122007,-0.042326853,1549398147977
270,26,Accelerometer,2.054225,0.4369418,9.167398,1549398147977
271,26,Gyroscope,0.065460324,0.025967881,-0.026444355,1549398147986
272,26,Accelerometer,2.0386627,0.93014735,10.557233,1549398147986
273,26,Gyroscope,0.047745235,0.004587598,0.008374963000000001,1549398147996
274,26,Accelerometer,2.3654714,1.0127473,9.818622,1549398147997
275,26,Gyroscope,0.018423703,0.03390913,0.022424864,1549398148006
276,26,Accelerometer,2.9628246,0.29927522,10.499771,1549398148007
277,26,Gyroscope,-0.07809301,0.05345682,-0.018503106999999998,1549398148016
278,26,Accelerometer,2.2517467,0.046686932,11.853693,1549398148016
279,26,Gyroscope,-0.035332433999999996,-0.07726835,0.021203132000000003,1549398148026
280,26,Accelerometer,1.6472107,1.4030021000000001,12.34211,1549398148027
281,26,Gyroscope,-0.024336865,-0.071770556,-0.014837916999999999,1549398148036
282,26,Accelerometer,2.8502972,0.38307226,8.544906,1549398148037
283,26,Gyroscope,0.008038994,-0.024733935,0.0028771753,1549398148046
284,26,Accelerometer,2.3044189999999998,1.2054806,6.8306575,1549398148047
285,26,Gyroscope,0.039193123999999996,0.026578747000000003,0.029755246000000003,1549398148056
286,26,Accelerometer,1.3994108,1.6915035,9.835381,1549398148057
287,26,Gyroscope,-0.040830225,0.040017784,0.041361686,1549398148066
288,26,Accelerometer,1.2773066000000002,0.45250413,8.522161,1549398148067
289,26,Gyroscope,0.03552793,-0.018014416000000002,0.049302936,1549398148076
290,26,Accelerometer,1.3814543,1.8974048,12.042834,1549398148076
291,26,Gyroscope,0.014758511,-0.033286046,0.06457456,1549398148086
292,26,Accelerometer,1.8339584999999998,0.7721300999999999,10.344149,1549398148087
293,26,Gyroscope,0.049577832,-0.064440176,0.08656571,1549398148096
294,26,Accelerometer,2.4361002,0.016759411999999998,10.554838,1549398148097
295,26,Gyroscope,0.07889936,-0.09009651,0.07923533,1549398148106
296,26,Accelerometer,2.3786395000000002,-0.6859388000000001,6.684611299999999,1549398148107
297,26,Gyroscope,-0.020060806,0.019248363,0.022424864,1549398148116
298,26,Accelerometer,2.5198972,1.5143325,8.790312,1549398148116
299,26,Gyroscope,-0.038386762000000005,0.040017784,0.010818423999999998,1549398148127
300,26,Accelerometer,1.484405,1.2389994,8.471883,1549398148127
301,26,Gyroscope,-0.028612921,0.0467373,0.02547919,1549398148136
302,26,Accelerometer,1.3790601,1.4041992,13.840879999999999,1549398148137
303,26,Gyroscope,-0.09825155,-0.011905763,0.018759671999999998,1549398148146
304,26,Accelerometer,1.6328455,-0.29209262,11.705252,1549398148146
305,26,Gyroscope,-0.019449944,-0.10414641,0.034642167,1549398148156
306,26,Accelerometer,2.2948422,0.8810662,7.177817,1549398148157
307,26,Gyroscope,0.008038994,-0.022901337999999997,0.013261884,1549398148166
308,26,Accelerometer,1.3072342,0.1436521,5.085284,1549398148167
309,26,Gyroscope,0.110053495,0.12737152,-0.0081183985,1549398148176
310,26,Accelerometer,0.46686932,-0.0047884034,6.0513449999999995,1549398148176
311,26,Gyroscope,0.08500802,0.22205561,0.03708563,1549398148186
312,26,Accelerometer,0.062249242999999996,3.2106244999999998,13.043611,1549398148187
313,26,Gyroscope,-0.049382336,0.12309546,0.114665516,1549398148197
314,26,Accelerometer,1.8136078000000002,0.9983820999999999,13.269863,1549398148197
315,26,Gyroscope,-0.18927048,-0.06993796,0.11955243,1549398148206
316,26,Accelerometer,3.7301662,1.5382746,6.7588315,1549398148207
317,26,Gyroscope,0.0049846675,0.03390913,0.01387275,1549398148216
318,26,Accelerometer,2.4684220000000003,1.1731589,5.7879825,1549398148216
319,26,Gyroscope,0.10883176,0.14447573,0.06090937,1549398148227
320,26,Accelerometer,0.415394,2.3726540000000003,9.557653,1549398148227
321,26,Gyroscope,-0.045106277,0.15608218,0.12382849,1549398148236
322,26,Accelerometer,2.0602105,-0.39025488,11.180922,1549398148237
323,26,Gyroscope,-0.039608493,-0.00029932335,0.08900917,1549398148246
324,26,Accelerometer,4.0533834,0.92057055,9.566033000000001,1549398148246
325,26,Gyroscope,0.070958115,-0.0033536497999999996,0.07129408,1549398148257
326,26,Accelerometer,2.3056161,0.81642276,7.424419400000001,1549398148257
327,26,Gyroscope,0.037971392,0.051624224,0.07923533,1549398148266
328,26,Accelerometer,1.3742718,0.94810385,12.106281,1549398148267
329,26,Gyroscope,0.03674966,0.002755003,0.16475648,1549398148276
330,26,Accelerometer,1.5131354,0.46327803,8.963891,1549398148276
331,26,Gyroscope,-0.052436665,0.067506716,0.09389609,1549398148286
332,26,Accelerometer,1.4891934,0.5303157,11.07438,1549398148287
333,26,Gyroscope,-0.039608493,0.027800477999999997,0.054800722999999996,1549398148297
334,26,Accelerometer,0.48722005,-0.016759411999999998,9.472659,1549398148297
335,26,Gyroscope,-0.031056384,0.007641924499999999,0.04563774,1549398148306
336,26,Accelerometer,-0.33399114,0.16998832,10.813412,1549398148307
337,26,Gyroscope,-0.02494773,0.013139712,0.021203132000000003,1549398148316
338,26,Accelerometer,0.31124622,-0.52073884,8.860941,1549398148316
339,26,Gyroscope,0.08439715,0.049791627000000005,0.017537942,1549398148326
340,26,Accelerometer,0.19153613,0.45130703,7.6961613,1549398148326
341,26,Gyroscope,-0.023115134,0.071782775,0.05724418,1549398148337
342,26,Accelerometer,1.258153,0.17956513,9.348161,1549398148337
343,26,Gyroscope,0.034917064,0.041850377,0.040139955,1549398148346
344,26,Accelerometer,2.067393,0.58657944,6.100425700000001,1549398148347
345,26,Gyroscope,0.28476092,0.19762102,0.010207558,1549398148356
346,26,Accelerometer,4.782418,0.9588778,12.739547,1549398148357
347,26,Gyroscope,0.00864986,0.19517756,-0.091196075,1549398148366
348,26,Accelerometer,-0.9672575000000001,1.0067618,13.674482999999999,1549398148366
349,26,Gyroscope,-0.12268616,-0.2171565,0.116498105,1549398148376
350,26,Accelerometer,1.1312603,2.8981812000000002,17.884687,1549398148377
351,26,Gyroscope,-0.17949663,-0.18111545,-0.014227051000000001,1549398148387
352,26,Accelerometer,6.835446000000001,-1.6376339,0.24061728,1549398148387
353,26,Gyroscope,0.09478186,-0.035729505,-0.025222626,1549398148396
354,26,Accelerometer,3.357868,2.8634652999999997,5.6179943,1549398148397
355,26,Gyroscope,0.020867165,0.08949786400000001,0.06518543,1549398148406
356,26,Accelerometer,0.08738836,-0.39863458,2.8443117,1549398148406
357,26,Gyroscope,0.24322212,0.41875425,-0.024000894,1549398148416
358,26,Accelerometer,-10.415975,1.1528081000000001,26.327839,1549398148416
359,26,Gyroscope,0.5199441,-0.30023414,-0.10463511,1549398148427
360,26,Accelerometer,-4.0306387,-4.3957543,39.221813,1549398148427
361,26,Gyroscope,0.01109332,-0.7370028000000001,0.046248607000000004,1549398148436
362,26,Accelerometer,1.0247183000000002,6.345831400000001,14.379576,1549398148437
363,26,Gyroscope,-0.3242717,-0.43218103,-0.033163875,1549398148446
364,26,Accelerometer,5.046977,-1.4736311000000002,4.1718965,1549398148447
365,26,Gyroscope,-0.15261856,-0.17073074,0.030976977000000003,1549398148456
366,26,Accelerometer,5.623979599999999,-1.6962918999999999,3.1651347000000003,1549398148456
367,26,Gyroscope,0.13509896,-0.034507777999999996,0.05907678,1549398148466
368,26,Accelerometer,5.1367598,3.2776620000000003,0.41060558,1549398148467
369,26,Gyroscope,0.49795290000000003,0.010696251,0.08717657599999999,1549398148476
370,26,Accelerometer,4.406528,0.59136784,8.847773,1549398148477
371,26,Gyroscope,0.22123097,-0.09620517,0.14032187,1549398148486
372,26,Accelerometer,0.6548142,1.5813701999999998,8.60117,1549398148487
373,26,Gyroscope,-0.053658396,-0.08520959,0.21423656,1549398148496
374,26,Accelerometer,-2.5127146000000002,0.02633622,9.986216,1549398148496
375,26,Gyroscope,0.048966967,0.03390913,0.16903253,1549398148506
376,26,Accelerometer,-1.9009962,-2.9628246,9.14585,1549398148507
377,26,Gyroscope,-0.06526483599999999,0.11759766,0.11161119,1549398148517
378,26,Accelerometer,-1.6950948000000001,-1.3958195,8.224083,1549398148517
379,26,Gyroscope,-0.15445116,0.10904556,-0.0820331,1549398148526
380,26,Accelerometer,-1.9381063000000003,2.645593,7.985860000000001,1549398148527
381,26,Gyroscope,-0.082979925,0.18723631,-0.14250875,1549398148536
382,26,Accelerometer,-2.3008277,0.8870517,8.377312,1549398148537
383,26,Gyroscope,-0.18316182,0.23488382,-0.14250875,1549398148546
384,26,Accelerometer,-2.5390507999999996,2.1440077,10.079589,1549398148546
385,26,Gyroscope,-0.13917953,0.22144476,-0.06981579,1549398148557
386,26,Accelerometer,0.25857377,-0.20829555,10.104728999999999,1549398148557
387,26,Gyroscope,-0.071373485,0.2226665,0.018759671999999998,1549398148566
388,26,Accelerometer,1.9991584,0.1388637,9.879673,1549398148567
389,26,Gyroscope,-0.06770829,0.1768516,0.038918227,1549398148576
390,26,Accelerometer,1.5239093000000001,1.3838485,9.82341,1549398148577
391,26,Gyroscope,-0.08053646,0.16585603,0.035253032999999996,1549398148586
392,26,Accelerometer,2.3020248,0.029927522,8.781932000000001,1549398148586
393,26,Gyroscope,-0.026780323999999998,0.19273409,-0.015448783,1549398148596
394,26,Accelerometer,1.3467385,1.0690111,10.216059,1549398148597
395,26,Gyroscope,-0.034721576000000004,0.14325401,-0.016670512,1549398148606
396,26,Accelerometer,0.58538234,0.94211835,11.536461,1549398148607
397,26,Gyroscope,-0.013952156499999998,0.083389215,-0.0056749377,1549398148616
398,26,Accelerometer,-0.1592144,-0.11731588,10.783484,1549398148617
399,26,Gyroscope,0.0007086117,0.047348164000000005,-0.014227051000000001,1549398148626
400,26,Accelerometer,-0.5434838000000001,-0.4213795,11.426328,1549398148627
401,26,Gyroscope,0.039193123999999996,0.040017784,-0.055155024000000004,1549398148636
402,26,Accelerometer,0.8643068000000002,-0.029927522,9.580399,1549398148636
403,26,Gyroscope,-0.0023457147,0.016194038,-0.089974344,1549398148647
404,26,Accelerometer,2.111686,0.9816226999999998,9.834184,1549398148647
405,26,Gyroscope,0.037360527000000004,0.008863656,-0.11929588,1549398148656
406,26,Accelerometer,1.5777789,1.3682863,10.079589,1549398148657
407,26,Gyroscope,0.015980242,-0.00457538,-0.095472135,1549398148666
408,26,Accelerometer,1.1001357,0.8870517,11.365275,1549398148667
409,26,Gyroscope,-0.018839078000000002,0.00825279,-0.07897877,1549398148676
410,26,Accelerometer,0.25139117,-0.17956513,10.957064,1549398148676
411,26,Gyroscope,-0.03411071,-0.011294898000000001,-0.04782464,1549398148687
412,26,Accelerometer,0.6871359,-0.38307226,8.990228,1549398148687
413,26,Gyroscope,0.0013194754999999998,0.014972306999999999,-0.052100695999999995,1549398148696
414,26,Accelerometer,0.4285621,0.49559975,8.394072,1549398148697
415,26,Gyroscope,0.0068172626,0.05834374,-0.040494256,1549398148706
416,26,Accelerometer,1.0905589,0.0035913025,8.593987,1549398148707
417,26,Gyroscope,-0.020060806,0.09438479,-0.048435505,1549398148716
418,26,Accelerometer,1.5981296,1.5059528,8.713697,1549398148716
419,26,Gyroscope,-0.087255985,0.08400008,-0.038661662,1549398148726
420,26,Accelerometer,2.0422540000000002,1.5047556999999998,11.238382000000001,1549398148727
421,26,Gyroscope,-0.056712717,0.05651114,-0.05148983,1549398148737
422,26,Accelerometer,1.5658079,0.47046062,10.114305499999999,1549398148737
423,26,Gyroscope,-0.06465397,0.045515567,-0.089974344,1549398148746
424,26,Accelerometer,2.0829554,0.08499416,10.399215,1549398148747
425,26,Gyroscope,-0.053658396,0.035741724,-0.086920016,1549398148756
426,26,Accelerometer,2.0254946,0.61650693,10.602722,1549398148757
427,26,Gyroscope,-0.06709743,0.024135287999999998,-0.085087426,1549398148766
428,26,Accelerometer,2.493561,-0.2693477,10.627861,1549398148766
429,26,Gyroscope,-0.051214933,-0.014349223999999999,-0.11685242,1549398148777
430,26,Accelerometer,2.099715,0.51954174,10.784680999999999,1549398148777
431,26,Gyroscope,-0.03288898,-0.007018841,-0.14983913,1549398148786
432,26,Accelerometer,2.2290018,0.21428105,9.421184,1549398148787
433,26,Gyroscope,0.051410425,0.065674126,-0.18038239999999997,1549398148796
434,26,Accelerometer,0.7015011,-0.11851298,8.614338,1549398148797
435,26,Gyroscope,0.013536781000000001,0.11759766,-0.13517837,1549398148806
436,26,Accelerometer,1.0342950999999998,-0.6859388000000001,6.9671270000000005,1549398148806
437,26,Gyroscope,0.04041485,0.13531277,-0.09241781,1549398148816
438,26,Accelerometer,0.61770403,1.7262194,9.894038,1549398148817
439,26,Gyroscope,0.14731626,0.13470191,-0.08814175,1549398148826
440,26,Accelerometer,1.2749124,0.92176765,9.103952,1549398148827
441,26,Gyroscope,0.18152472,0.32590273,-0.04721377400000001,1549398148836
442,26,Accelerometer,-1.5286977,0.3866636,7.891288799999999,1549398148837
443,26,Gyroscope,-0.0023457147,0.42791720000000005,-0.02705522,1549398148846
444,26,Accelerometer,-3.1735144,1.6771383000000002,8.537724,1549398148846
445,26,Gyroscope,-0.0023457147,0.41020212,0.09511782,1549398148856
446,26,Accelerometer,-0.8738836,2.0973208,11.32218,1549398148857
447,26,Gyroscope,-0.09764069,0.3900436,0.040139955,1549398148867
448,26,Accelerometer,1.7250223000000002,1.2521674999999999,8.141483000000001,1549398148867
449,26,Gyroscope,0.121659935,0.41447818,0.00043371435999999995,1549398148876
450,26,Accelerometer,2.4863784,1.484405,9.039309,1549398148877
451,26,Gyroscope,-0.075649545,0.42425203,0.021203132000000003,1549398148886
452,26,Accelerometer,2.8898015,0.35673606,7.1981673,1549398148886
453,26,Gyroscope,0.13448809,0.36621982,0.056633315999999996,1549398148896
454,26,Accelerometer,2.7222072999999996,1.6316483999999998,11.451467,1549398148896
455,26,Gyroscope,0.056297347000000005,0.26603794,0.1061134,1549398148907
456,26,Accelerometer,3.132813,0.6584055,11.247959,1549398148907
457,26,Gyroscope,0.15464665,0.17257553,0.08962004,1549398148916
458,26,Accelerometer,3.8977604,-0.41299978,12.035652,1549398148917
459,26,Gyroscope,0.056297347000000005,0.33384398,0.051746394,1549398148926
460,26,Accelerometer,5.707777,0.46208093,12.275072,1549398148927
461,26,Gyroscope,0.14304021,-0.19638705,0.09084177,1549398148936
462,26,Accelerometer,-0.39384618,3.6834792999999997,23.628376,1549398148936
463,26,Gyroscope,-0.19843346,-0.591006,0.17147599,1549398148946
464,26,Accelerometer,1.2677298000000001,2.7090392000000003,17.304092,1549398148947
465,26,Gyroscope,-0.10680367,-0.8487911,0.12199589599999999,1549398148957
466,26,Accelerometer,5.149928,3.645172,12.838906,1549398148957
467,26,Gyroscope,0.12776858,-0.98012716,0.20996049,1549398148966
468,26,Accelerometer,3.9995138999999997,3.5757402999999996,8.252813,1549398148967
469,26,Gyroscope,0.21206799,-0.8958278000000001,0.5373842,1549398148976
470,26,Accelerometer,5.3378725,0.8846575000000001,7.6734165999999995,1549398148976
471,26,Gyroscope,0.16380963,-0.8982711999999999,0.5770905,1549398148986
472,26,Accelerometer,4.808754,2.8790276,7.023391,1549398148986
473,26,Gyroscope,0.30491948,-0.8506236999999999,0.56487316,1549398148997
474,26,Accelerometer,5.9172697,-0.50876784,8.495825,1549398148997
475,26,Gyroscope,0.4753509,-0.8585649999999999,0.47385427,1549398149006
476,26,Accelerometer,-0.33518824,-4.3478703,4.298789,1549398149007
477,26,Gyroscope,0.36234084,-0.6142189,0.68948966,1549398149016
478,26,Accelerometer,0.9576806999999999,-0.59855044,5.951985400000001,1549398149017
479,26,Gyroscope,-0.19537914,-0.60627764,0.5221126,1549398149026
480,26,Accelerometer,-2.219425,-1.3347674999999999,8.209717999999999,1549398149026
481,26,Gyroscope,-0.017006481,-0.76998955,0.31258586,1549398149036
482,26,Accelerometer,-2.0171148999999997,-1.8459294999999998,4.301183,1549398149037
483,26,Gyroscope,-0.22836585,-0.19394362,-0.26468179999999997,1549398149047
484,26,Accelerometer,-5.8059389999999995,7.8062944000000005,13.187263,1549398149047
485,26,Gyroscope,-0.685293,-0.8335195,-0.16022384,1549398149056
486,26,Accelerometer,-11.416751,-3.0897174,19.52711,1549398149057
487,26,Gyroscope,-0.26562864,-1.0754222,-0.12968057,1549398149066
488,26,Accelerometer,5.473145,-3.9336733999999995,-6.849811,1549398149066
489,26,Gyroscope,-0.12207530400000001,-0.6893553000000001,-0.6385314000000001,1549398149076
490,26,Accelerometer,11.004947999999999,-2.765303,-5.080496,1549398149076
491,26,Gyroscope,-0.13123828,-0.46089172,-0.5297973000000001,1549398149087
492,26,Accelerometer,3.643975,6.8091097000000005,9.7863,1549398149087
493,26,Gyroscope,-0.21614856,-0.58306473,0.030976977000000003,1549398149096
494,26,Accelerometer,3.7445314,0.9947908000000001,13.128604999999999,1549398149097
495,26,Gyroscope,-0.11413406,-0.6850793000000001,-0.09241781,1549398149106
496,26,Accelerometer,4.867412,-2.7329812,11.252748,1549398149106
497,26,Gyroscope,0.09722532,-0.7333376,-0.17549548,1549398149116
498,26,Accelerometer,2.8203697,0.52073884,10.176555,1549398149116
499,26,Gyroscope,0.05568648,-0.8072523,-0.19382143,1549398149127
500,26,Accelerometer,2.5558102000000003,-0.038307227,7.8517847000000005,1549398149127
501,26,Gyroscope,0.20840279999999997,-0.73150504,-0.25185364,1549398149136
502,26,Accelerometer,2.585738,0.9564835999999999,5.943606,1549398149137
503,26,Gyroscope,0.18030299,-0.60933197,-0.24391238,1549398149146
504,26,Accelerometer,1.5298948,-0.62249243,5.1080294,1549398149147
505,26,Gyroscope,0.22489616,-0.63743174,-0.25002104,1549398149156
506,26,Accelerometer,-0.8690952,0.62129533,3.657143,1549398149156
507,26,Gyroscope,0.37089294,-0.37720317,-0.30988583,1549398149166
508,26,Accelerometer,-2.4277205000000004,3.8319199999999998,26.337415999999997,1549398149166
509,26,Gyroscope,0.49245512,-0.26480398,-0.22008863,1549398149176
510,26,Accelerometer,-3.5290532,-0.8870517,22.531832,1549398149177
511,26,Gyroscope,-0.51669425,-1.194541,0.45675007,1549398149186
512,26,Accelerometer,5.1116204000000005,-6.742072,-1.8650831,1549398149187
513,26,Gyroscope,-0.22714414,-0.8500129000000001,-0.53896034,1549398149196
514,26,Accelerometer,3.2465374,-9.543288,-12.758701,1549398149197
515,26,Gyroscope,0.5120028,0.19334495,-0.7997998000000001,1549398149206
516,26,Accelerometer,-8.438364,5.225345,32.2475,1549398149207
517,26,Gyroscope,1.136918,0.43769106,-0.70145047,1549398149216
518,26,Accelerometer,-2.1691467999999996,-4.498705,-5.087678400000001,1549398149216
519,26,Gyroscope,0.10333397,-0.58489734,-0.24941017,1549398149226
520,26,Accelerometer,-6.3099184,3.110068,0.20350714,1549398149227
521,26,Gyroscope,-0.8954306999999999,0.31307456,-0.52613217,1549398149237
522,26,Accelerometer,-0.7386111999999999,-6.0513449999999995,-8.201338,1549398149237
523,26,Gyroscope,-1.1275594,0.7724451999999999,-0.762537,1549398149246
524,26,Accelerometer,-5.9938839999999995,1.4760253,12.076353,1549398149247
525,26,Gyroscope,-0.02494773,0.22999686,-0.53896034,1549398149256
526,26,Accelerometer,-12.192472,4.938041,15.776592,1549398149257
527,26,Gyroscope,0.40876657,0.15608218,-0.47176513,1549398149266
528,26,Accelerometer,2.6898855999999998,3.0190883,15.399506,1549398149266
529,26,Gyroscope,0.5297179,0.08583268,-0.43328062,1549398149276
530,26,Accelerometer,3.4596214,3.2489316,9.287108,1549398149276
531,26,Gyroscope,0.11555128,0.17196468,-0.26346007,1549398149287
532,26,Accelerometer,0.5386954,1.8483237000000001,4.1802763999999994,1549398149287
533,26,Gyroscope,-0.34259766,0.26237273,-0.23352768,1549398149296
534,26,Accelerometer,0.9852139999999999,1.4808137,0.51954174,1549398149297
535,26,Gyroscope,-0.47698805,0.28375304,-0.20237355,1549398149306
536,26,Accelerometer,1.7561468999999996,4.27365,4.1742907,1549398149307
537,26,Gyroscope,-0.058545314,0.26176187,-0.15533692,1549398149316
538,26,Accelerometer,3.0777464,2.3678656000000005,20.015526,1549398149316
539,26,Gyroscope,0.13570982,0.05528941,-0.21031479999999997,1549398149326
540,26,Accelerometer,0.8846575000000001,0.33279404,14.788984,1549398149326
541,26,Gyroscope,-0.0658757,-0.1395766,-0.06737233,1549398149337
542,26,Accelerometer,0.5542577,-0.712275,15.429433,1549398149337
543,26,Gyroscope,-0.18560529,-0.122472376,-0.27262303,1549398149346
544,26,Accelerometer,4.896142500000001,4.1599255,2.2134395000000002,1549398149347
545,26,Gyroscope,0.23344827,-0.008240572,-0.18343672,1549398149356
546,26,Accelerometer,1.9189526999999997,3.903746,10.496181,1549398149357
547,26,Gyroscope,0.15709011,-0.15179389999999998,0.056022454000000006,1549398149366
548,26,Accelerometer,2.1260512,0.15801731,11.565191,1549398149366
549,26,Gyroscope,-0.05915618,-0.048557675999999994,0.057855047,1549398149376
550,26,Accelerometer,3.9899370000000003,-1.1563994,8.157045,1549398149376
551,26,Gyroscope,0.17052916,-0.076046616,0.042583417,1549398149387
552,26,Accelerometer,3.9085343,2.6623523,11.048044,1549398149387
553,26,Gyroscope,0.11494041,0.07117191,0.07068321,1549398149396
554,26,Accelerometer,1.1671733999999998,-1.0295067,9.7324295,1549398149397
555,26,Gyroscope,-0.101916745,0.25504234,-0.06553973,1549398149406
556,26,Accelerometer,-2.542642,-1.2892777,9.421184,1549398149407
557,26,Gyroscope,-0.19537914,0.17990592,-0.061263677,1549398149416
558,26,Accelerometer,-3.5482068,-2.7437549999999997,10.614694,1549398149416
559,26,Gyroscope,-0.11963184,0.036963455,-0.26773614,1549398149426
560,26,Accelerometer,-1.2629413999999999,-2.1452047999999997,12.223597,1549398149426
561,26,Gyroscope,-0.11535579,0.14447573,-0.44366533,1549398149437
562,26,Accelerometer,-1.8351556,-1.0307038,7.675811,1549398149437
563,26,Gyroscope,-0.1819401,0.23244032,-0.50108665,1549398149447
564,26,Accelerometer,-1.8351556,-1.0307038,7.675811,1549398149447
565,26,Gyroscope,-0.11535579,0.22999686,-0.55239934,1549398149456
566,26,Accelerometer,-0.760159,-0.4369418,12.674904,1549398149457
567,26,Gyroscope,-0.12207530400000001,0.07544797,-0.59332734,1549398149466
568,26,Accelerometer,1.4604629999999998,-0.6907272,11.280281,1549398149467
569,26,Gyroscope,-0.019449944,-0.035118643,-0.57439053,1549398149476
570,26,Accelerometer,4.1802763999999994,0.2669535,8.9758625,1549398149476
571,26,Gyroscope,-0.13673607,0.019248363,-0.5658384,1549398149486
572,26,Accelerometer,5.2421045,0.44532153,6.451176599999999,1549398149487
573,26,Gyroscope,-0.043884553,0.12492805,-0.51941264,1549398149497
574,26,Accelerometer,2.0159178,3.8031895,13.442245499999999,1549398149497
575,26,Gyroscope,-0.14895338,0.13225845,-0.43389148,1549398149506
576,26,Accelerometer,1.1264718999999999,2.1140802000000005,15.204378,1549398149507
577,26,Gyroscope,-0.27234817,-0.13163535,-0.37036148,1549398149516
578,26,Accelerometer,3.6762967000000004,0.8439561,13.482945999999998,1549398149517
579,26,Gyroscope,-0.22592239,-0.24525627,-0.46382385,1549398149526
580,26,Accelerometer,4.1575313,0.51954174,8.790312,1549398149526
581,26,Gyroscope,-0.098862424,-0.21043697,-0.57744485,1549398149536
582,26,Accelerometer,3.071761,0.7026982,6.6774287,1549398149536
583,26,Gyroscope,-0.07503868,-0.14140919,-0.57744485,1549398149547
584,26,Accelerometer,2.7700913,1.0163386,6.6965823,1549398149547
585,26,Gyroscope,0.015369377,-0.10170295,-0.5444581000000001,1549398149556
586,26,Accelerometer,2.0901381999999997,0.6404489000000001,6.4619503,1549398149557
587,26,Gyroscope,0.032473605,-0.025344797999999998,-0.5120823,1549398149566
588,26,Accelerometer,1.9189526999999997,0.8583213,7.328651400000001,1549398149567
589,26,Gyroscope,-0.08359079,0.04918076,-0.4968106,1549398149576
590,26,Accelerometer,1.4760253,1.4173675,12.192472,1549398149576
591,26,Gyroscope,-0.14712077,-0.0393947,-0.4015156,1549398149586
592,26,Accelerometer,3.4943372999999998,1.9033904,15.620969,1549398149586
593,26,Gyroscope,-0.16178155,-0.1273593,-0.30805323,1549398149596
594,26,Accelerometer,5.246893,0.011971008,10.998961999999999,1549398149597
595,26,Gyroscope,-0.45194256,-0.22570860000000004,-0.2628492,1549398149606
596,26,Accelerometer,4.699818,-3.1196449,8.546103,1549398149607
597,26,Gyroscope,-0.28273287,-0.12919189,-0.36364198,1549398149616
598,26,Accelerometer,5.1463366,0.18674773,9.303867,1549398149617
599,26,Gyroscope,-0.12879482,-0.14996132,-0.5291865,1549398149626
600,26,Accelerometer,1.6101006000000002,1.5131354,10.09994,1549398149627
601,26,Gyroscope,0.056297347000000005,-0.17317420000000003,-0.46199128,1549398149636
602,26,Accelerometer,2.64679,-0.01436521,10.371682,1549398149637
603,26,Gyroscope,-0.19782259,-0.16278946,-0.48581502,1549398149646
604,26,Accelerometer,4.525041000000001,-2.5558102000000003,5.518635,1549398149647
605,26,Gyroscope,-0.15994895,-0.12063978,-0.5145257000000001,1549398149656
606,26,Accelerometer,2.4636335,3.3542766999999998,7.108384599999999,1549398149656
607,26,Gyroscope,0.105777435,-0.024123069,-0.5316299,1549398149666
608,26,Accelerometer,2.0925324,1.5514427,5.4527946,1549398149667
609,26,Gyroscope,0.15647925,0.0064201931999999995,-0.49375626,1549398149676
610,26,Accelerometer,2.1871033,2.8526914,10.806230000000001,1549398149677
611,26,Gyroscope,0.08012109,-0.03634037,-0.41128945,1549398149686
612,26,Accelerometer,3.0933087,1.7262194,11.416751,1549398149687
613,26,Gyroscope,0.10516657,-0.058331522999999996,-0.31110755,1549398149696
614,26,Accelerometer,2.9269116000000004,-0.46686932,9.235633,1549398149697
615,26,Gyroscope,0.019034568,0.0003115423,-0.30377719999999997,1549398149706
616,26,Accelerometer,1.8507179,0.6428431,8.261192999999999,1549398149706
617,26,Gyroscope,-0.011508694,0.047348164000000005,-0.23902546,1549398149717
618,26,Accelerometer,4.5884876,2.60968,9.878476,1549398149717
619,26,Gyroscope,-0.04266282,0.02902221,-0.3123293,1549398149726
620,26,Accelerometer,4.783615,3.2836475,8.409634,1549398149727
621,26,Gyroscope,0.1644205,-0.028399125,-0.32699004,1549398149736
622,26,Accelerometer,3.4524388,3.5721489999999996,8.881291000000001,1549398149737
623,26,Gyroscope,0.2487199,-0.008240572,-0.30133373,1549398149746
624,26,Accelerometer,3.3123782,2.5809495,7.381324,1549398149746
625,26,Gyroscope,0.20534848,0.048569895,-0.20603873,1549398149756
626,26,Accelerometer,2.516306,1.8411411,7.7943234,1549398149757
627,26,Gyroscope,0.10761003,0.082167484,-0.062485404,1549398149766
628,26,Accelerometer,1.3970166000000002,1.4867992,6.861782000000001,1549398149767
629,26,Gyroscope,0.053243022,0.14386487,-0.027666086,1549398149776
630,26,Accelerometer,0.80205756,1.4736311000000002,7.180211,1549398149777
631,26,Gyroscope,0.06668205599999999,0.21044919,0.0040989057,1549398149786
632,26,Accelerometer,2.8443117,2.3391352000000003,5.7065797,1549398149786
633,26,Gyroscope,0.041025717,0.347283,0.070072345,1549398149796
634,26,Accelerometer,0.023942016,2.3930047,4.298789,1549398149796
635,26,Gyroscope,0.40754485,0.71746737,0.15620436,1549398149807
636,26,Accelerometer,1.9871874,3.5984852,20.116083,1549398149807
637,26,Gyroscope,0.7050363000000001,-0.50304145,0.27043617,1549398149816
638,26,Accelerometer,-2.1511902999999997,1.7824832,20.451271,1549398149817
639,26,Gyroscope,0.15831184,-0.23548245,0.15315004,1549398149826
640,26,Accelerometer,3.4847605,-1.3718776000000001,5.8274870000000005,1549398149827
641,26,Gyroscope,-0.5386854,-0.040005565,0.08717657599999999,1549398149836
642,26,Accelerometer,3.9779660000000003,1.13964,-2.0123265,1549398149836
643,26,Gyroscope,-0.66269106,0.26725966,-0.043548584,1549398149846
644,26,Accelerometer,3.98874,1.9500773,1.6436194,1549398149847
645,26,Gyroscope,-0.23997231,0.43036067,0.040139955,1549398149856
646,26,Accelerometer,-2.6611552000000005,2.6527755,17.120935,1549398149857
647,26,Gyroscope,-0.07320608,0.29108340000000005,-0.0820331,1549398149866
648,26,Accelerometer,0.33638534,-4.0976763,22.979548,1549398149867
649,26,Gyroscope,0.01109332,-0.22204339999999997,-0.18710192,1549398149876
650,26,Accelerometer,1.5011643999999997,0.5434838000000001,14.775816,1549398149876
651,26,Gyroscope,-0.08481252,-0.21043697,-0.20176268,1549398149886
652,26,Accelerometer,4.423287999999999,0.50158525,4.7297454000000005,1549398149886
653,26,Gyroscope,-0.13551433,0.050402492,-0.29583590000000004,1549398149897
654,26,Accelerometer,4.413711,-0.4141969,1.4089876000000001,1549398149897
655,26,Gyroscope,-0.06893002,0.3265136,-0.377081,1549398149906
656,26,Accelerometer,-0.8319851,1.2892777,7.1407065,1549398149907
657,26,Gyroscope,0.22978307,0.64049834,-0.35142466,1549398149916
658,26,Accelerometer,-8.593987,1.3263878,17.096994,1549398149917
659,26,Gyroscope,0.629289,-0.20616089999999998,-0.09180694,1549398149926
660,26,Accelerometer,-2.4672248,0.28371290000000005,18.143261,1549398149926
661,26,Gyroscope,0.41609696,-0.1976088,0.1641456,1549398149937
662,26,Accelerometer,2.9400797,3.1352072,1.3455413999999999,1549398149937
663,26,Gyroscope,0.07217985,0.082167484,0.011429288999999999,1549398149947
664,26,Accelerometer,2.0278888,0.81522566,5.959168,1549398149947
665,26,Gyroscope,-0.23508538,0.19151238,-0.061263677,1549398149956
666,26,Accelerometer,-0.60453594,0.7529764,17.536331,1549398149957
667,26,Gyroscope,-0.32671517,0.23060775,-0.16511077,1549398149966
668,26,Accelerometer,1.8028339,-0.59855044,19.048270000000002,1549398149966
669,26,Gyroscope,-0.21553768,-0.17439592,-0.22375382,1549398149976
670,26,Accelerometer,2.753332,-0.37110126,12.276269000000001,1549398149977
671,26,Gyroscope,-0.21614856,-0.24464542,-0.23963632,1549398149987
672,26,Accelerometer,4.315548400000001,0.32561144,4.173094,1549398149987
673,26,Gyroscope,-0.13612520000000003,-0.1395766,-0.268347,1549398149996
674,26,Accelerometer,3.606865,0.82121116,6.955156,1549398149997
675,26,Gyroscope,-0.07259522,-0.1395766,-0.19504316,1549398150006
676,26,Accelerometer,3.5314474000000002,0.04189853,8.3629465,1549398150007
677,26,Gyroscope,0.0031520724,-0.19272187,-0.19015624,1549398150016
678,26,Accelerometer,2.5079262000000004,0.6811504,10.269928,1549398150016
679,26,Gyroscope,0.11555128,-0.27885386,-0.14800653,1549398150027
680,26,Accelerometer,2.540248,0.15083471,10.79785,1549398150027
681,26,Gyroscope,0.14975972,-0.27885386,-0.08569829,1549398150036
682,26,Accelerometer,1.8195933000000002,0.60094464,9.249998,1549398150037
683,26,Gyroscope,-0.018839078000000002,-0.18722409,-0.09302867,1549398150046
684,26,Accelerometer,0.8846575000000001,-1.1001357,12.076353,1549398150047
685,26,Gyroscope,-0.07442781,-0.22693032,-0.14250875,1549398150056
686,26,Accelerometer,0.94211835,0.5686229,6.75524,1549398150056
687,26,Gyroscope,-0.13001655,-0.08520959,-0.26101660000000004,1549398150067
688,26,Accelerometer,-3.1376014,0.8547299999999999,7.846996300000001,1549398150067
689,26,Gyroscope,-0.05426926,0.057122007,-0.30560976,1549398150076
690,26,Accelerometer,-5.758055000000001,-1.30484,10.04607,1549398150077
691,26,Gyroscope,-0.16544673,0.08155662,-0.35997677,1549398150086
692,26,Accelerometer,-7.073669000000001,1.7968484,9.077616,1549398150087
693,26,Gyroscope,-0.19782259,0.18357113,-0.3947961,1549398150096
694,26,Accelerometer,-6.307524,0.9780314,7.007828,1549398150096
695,26,Gyroscope,-0.10741453,0.23427293,-0.39601782,1549398150106
696,26,Accelerometer,-5.474342299999999,1.4927847,10.2735195,1549398150106
697,26,Gyroscope,-0.055490992999999995,0.22999686,-0.35203552,1549398150117
698,26,Accelerometer,-3.0298622,2.280477,8.9519205,1549398150117
699,26,Gyroscope,-0.0029565803999999996,0.25198802,-0.28361863,1549398150126
700,26,Accelerometer,0.91817635,3.466804,11.162966,1549398150127
701,26,Gyroscope,0.019645434,0.1505844,-0.20054094,1549398150136
702,26,Accelerometer,3.9324763,2.7365725,10.33098,1549398150137
703,26,Gyroscope,0.02269976,0.070561044,-0.07287012,1549398150146
704,26,Accelerometer,7.2245035,2.160767,9.563639,1549398150147
705,26,Gyroscope,0.032473605,0.038796052000000004,-0.052100695999999995,1549398150156
706,26,Accelerometer,7.089231,1.3251906999999998,9.476251,1549398150156
707,26,Gyroscope,0.037971392,0.014361441,-0.07042666,1549398150167
708,26,Accelerometer,5.674258,-0.5805939,9.400833,1549398150167
709,26,Gyroscope,0.05996254,-0.01496009,-0.12479366,1549398150176
710,26,Accelerometer,3.25372,-1.7166426,14.502877,1549398150177
711,26,Gyroscope,-0.08664512,-0.13285708,-0.20359528,1549398150186
712,26,Accelerometer,2.814384,-1.8543092,12.7096195,1549398150187
713,26,Gyroscope,-0.095808096,-0.18478063,-0.29217073,1549398150196
714,26,Accelerometer,2.2146366000000004,0.095768064,8.542512,1549398150196
715,26,Gyroscope,-0.11963184,-0.04550335,-0.34103996,1549398150206
716,26,Accelerometer,0.6655880999999999,0.91338795,6.1638722,1549398150206
717,26,Gyroscope,-0.07992560000000001,0.02474615,-0.2805643,1549398150216
718,26,Accelerometer,-0.545878,1.9740193,7.5788455,1549398150217
719,26,Gyroscope,-0.035332433999999996,0.04062865,-0.21642344,1549398150226
720,26,Accelerometer,-0.50278234,1.3790601,9.452309,1549398150227
721,26,Gyroscope,0.032473605,0.0015332717000000001,-0.11318722,1549398150236
722,26,Accelerometer,-0.11851298,2.1523874,11.474212,1549398150237
723,26,Gyroscope,-0.025558592999999998,-0.016792685,-0.045381177,1549398150246
724,26,Accelerometer,1.365892,1.8255788,10.7356,1549398150247
725,26,Gyroscope,-0.0047891755,-0.057720657,-0.052100695999999995,1549398150256
726,26,Accelerometer,2.6767175,1.3790601,9.27394,1549398150256
727,26,Gyroscope,0.017812836999999998,-0.035118643,-0.09180694,1549398150266
728,26,Accelerometer,4.1479545,0.82719666,8.165425,1549398150267
729,26,Gyroscope,-0.026169458,-0.064440176,-0.11318722,1549398150276
730,26,Accelerometer,4.474762999999999,1.3156139,9.759963,1549398150277
731,26,Gyroscope,-0.060988775999999995,-0.1395766,-0.13029145,1549398150286
732,26,Accelerometer,5.9687448,0.020350715,9.036914,1549398150287
733,26,Gyroscope,0.070958115,-0.11392026,-0.21825604,1549398150296
734,26,Accelerometer,5.8825536,0.022744916,8.013392999999999,1549398150296
735,26,Gyroscope,0.037971392,-0.040005565,-0.21153653,1549398150306
736,26,Accelerometer,4.570531,0.36870706,10.977414999999999,1549398150306
737,26,Gyroscope,-0.03411071,-0.086431324,-0.20115182,1549398150316
738,26,Accelerometer,1.5682021000000002,0.6739678000000001,11.668142,1549398150317
739,26,Gyroscope,-0.0029565803999999996,-0.018625282,-0.21703431,1549398150327
740,26,Accelerometer,1.8423381999999997,0.7230489,10.535685,1549398150327
741,26,Gyroscope,-0.013952156499999998,0.016194038,-0.19993009,1549398150336
742,26,Accelerometer,1.9165584999999998,2.098518,8.560468,1549398150337
743,26,Gyroscope,0.017812836999999998,0.043682974000000006,-0.12235019999999999,1549398150346
744,26,Accelerometer,1.9069817,2.1787236,11.104307,1549398150347
745,26,Gyroscope,-0.04266282,0.025967881,-0.07409185,1549398150356
746,26,Accelerometer,2.0578163000000003,1.6436194,10.656591,1549398150356
747,26,Gyroscope,-0.09519723,0.033298265,-0.09180694,1549398150366
748,26,Accelerometer,2.1068976000000004,1.8938134999999998,9.704897,1549398150367
749,26,Gyroscope,-0.15628375,0.02230269,-0.119906746,1549398150377
750,26,Accelerometer,2.9233203,2.0135236,9.431957,1549398150377
751,26,Gyroscope,-0.101916745,0.014361441,-0.11746328,1549398150386
752,26,Accelerometer,4.0689459999999995,1.5849615,8.829816000000001,1549398150387
753,26,Gyroscope,-0.10374935,-0.00029932335,-0.10524598,1549398150396
754,26,Accelerometer,4.644751,1.4987701999999998,9.442732000000001,1549398150397
755,26,Gyroscope,-0.08236906,-0.033896912,-0.11563069,1549398150406
756,26,Accelerometer,4.7165775000000005,1.1109096,8.974665,1549398150406
757,26,Gyroscope,-0.01578475,-0.05894239,-0.11807415,1549398150416
758,26,Accelerometer,4.5022964000000005,1.1647792,8.030152000000001,1549398150416
759,26,Gyroscope,-0.016395615,-0.06382931,-0.108300306,1549398150427
760,26,Accelerometer,3.466804,1.6938977,9.848549,1549398150427
761,26,Gyroscope,-0.037775896,-0.055277195,-0.067983195,1549398150436
762,26,Accelerometer,3.1675289,0.23822308,9.959878999999999,1549398150437
763,26,Gyroscope,-0.04632801,-0.10292468,-0.078367904,1549398150446
764,26,Accelerometer,2.552219,0.60333884,9.185355,1549398150447
765,26,Gyroscope,-0.009065231,-0.08398786,-0.09669386599999999,1549398150456
766,26,Accelerometer,3.4093432,0.8678981,7.577648,1549398150457
767,26,Gyroscope,-0.0047891755,-0.074824885,-0.09974819,1549398150467
768,26,Accelerometer,3.5386300000000004,2.5689783,7.881711999999999,1549398150467
769,26,Gyroscope,0.043469176,0.06933931,-0.04660291,1549398150476
770,26,Accelerometer,0.26815059999999996,2.0003555,12.762292,1549398150476
771,26,Gyroscope,-0.11474492,0.14019969,-0.0221683,1549398150487
772,26,Accelerometer,1.0079589,-0.0011971008,10.654198,1549398150487
773,26,Gyroscope,-0.24302663,0.09743912,0.015705345,1549398150496
774,26,Accelerometer,0.44651863,2.3953989,7.880514999999999,1549398150497
775,26,Gyroscope,-0.16727933,0.1682995,-0.060041945,1549398150506
776,26,Accelerometer,0.5434838000000001,1.0462662,6.117185,1549398150507
777,26,Gyroscope,-0.05304753,0.2208339,-0.07897877,1549398150516
778,26,Accelerometer,0.32920274,2.2649147999999997,6.257246,1549398150516
779,26,Gyroscope,0.03552793,0.26603794,-0.016670512,1549398150526
780,26,Accelerometer,0.6727706999999999,-0.24301147,7.779958199999999,1549398150527
781,26,Gyroscope,0.036138795,0.29108340000000005,-0.03133128,1549398150537
782,26,Accelerometer,1.2234371000000002,0.4285621,8.049306,1549398150537
783,26,Gyroscope,0.12043820000000001,0.3912653,-0.067983195,1549398150546
784,26,Accelerometer,0.2885013,2.5486276,24.996662,1549398150547
785,26,Gyroscope,0.23711346,0.033298265,0.007153232,1549398150556
786,26,Accelerometer,1.8375498,-0.7015011,17.764977,1549398150557
787,26,Gyroscope,-0.08969945,-0.10109209,0.11222205,1549398150566
788,26,Accelerometer,3.1735144,-0.21906945,7.78355,1549398150566
789,26,Gyroscope,-0.23508538,0.02902221,0.060298505999999995,1549398150576
790,26,Accelerometer,4.559757,-0.27174190000000004,7.5584945999999995,1549398150576
791,26,Gyroscope,-0.04877147,0.121262856,-0.013005322,1549398150587
792,26,Accelerometer,2.9508536,2.1906946,10.043676,1549398150587
793,26,Gyroscope,0.04591264,-0.02778826,0.041361686,1549398150596
794,26,Accelerometer,1.8986019,1.1348516000000002,12.8448925,1549398150597
795,26,Gyroscope,0.08928407,-0.24098024,0.062741965,1549398150606
796,26,Accelerometer,1.9381063000000003,-0.8331822,14.189237,1549398150607
797,26,Gyroscope,0.052632157,-0.15301564,0.026700921000000002,1549398150616
798,26,Accelerometer,3.3470940000000002,-0.08259996,8.828619,1549398150617
799,26,Gyroscope,0.0062063990000000005,-0.035729505,-0.00934013,1549398150626
800,26,Accelerometer,3.4680011,1.459266,8.1881695,1549398150626
801,26,Gyroscope,-0.009676097,-0.08582046,-0.029498681000000002,1549398150637
802,26,Accelerometer,0.81402856,0.8714894,9.405622,1549398150637
803,26,Gyroscope,0.042858314,-0.20188487,-0.043548584,1549398150646
804,26,Accelerometer,1.4532804,0.581791,12.180501,1549398150647
805,26,Gyroscope,0.028197547000000003,-0.20188487,-0.024000894,1549398150656
806,26,Accelerometer,0.26336220000000005,0.47884035,8.090008000000001,1549398150657
807,26,Gyroscope,0.034917064,-0.040005565,-0.058820214,1549398150666
808,26,Accelerometer,0.32680854,0.31004912,7.1754226999999995,1549398150666
809,26,Gyroscope,0.08073196,-0.031453453,-0.029498681000000002,1549398150676
810,26,Accelerometer,0.05865794,1.4221559,10.298658,1549398150677
811,26,Gyroscope,-0.08481252,-0.086431324,-0.021557434,1549398150687
812,26,Accelerometer,0.9923966000000001,1.4460978999999998,8.825027,1549398150687
813,26,Gyroscope,-0.08908858,-0.0534446,-0.03255301,1549398150696
814,26,Accelerometer,1.3108255,1.3694833999999998,9.531317,1549398150697
815,26,Gyroscope,-0.043273687000000005,-0.011294898000000001,-0.055765885999999994,1549398150706
816,26,Accelerometer,1.7262194,0.34835634,9.209297,1549398150707
817,26,Gyroscope,-0.06831916,-0.06810537,-0.05148983,1549398150716
818,26,Accelerometer,1.9752164,1.7621324,9.13388,1549398150716
819,26,Gyroscope,-0.051825800000000005,-0.11636372,-0.058820214,1549398150726
820,26,Accelerometer,2.8502972,1.1492168,11.1893015,1549398150726
821,26,Gyroscope,-0.0017348509,-0.076046616,-0.096083,1549398150737
822,26,Accelerometer,2.5270798,0.15442601,8.329428,1549398150737
823,26,Gyroscope,0.0483561,-0.07299229,-0.038661662,1549398150746
824,26,Accelerometer,1.5897499,1.3383588,9.408014999999999,1549398150747
825,26,Gyroscope,-0.07503868,-0.08948565,-0.016670512,1549398150756
826,26,Accelerometer,2.1080947,0.48602295,8.1319065,1549398150757
827,26,Gyroscope,-0.0066217724,-0.08032267,-0.025833491,1549398150766
828,26,Accelerometer,1.1947067,2.4121582999999998,9.631872999999999,1549398150767
829,26,Gyroscope,0.012925915,-0.07849008,-0.00934013,1549398150776
830,26,Accelerometer,0.36750996,0.92057055,9.11712,1549398150776
831,26,Gyroscope,-0.02494773,-0.1432418,0.024868324,1549398150786
832,26,Accelerometer,-0.076614454,1.1145009,10.644621,1549398150787
833,26,Gyroscope,-0.017006481,-0.10964420400000001,0.042583417,1549398150797
834,26,Accelerometer,0.4309563,0.7493850999999999,6.457162,1549398150797
835,26,Gyroscope,0.105777435,-0.055277195,0.03830736,1549398150806
836,26,Accelerometer,0.025139118,1.9428947,9.953894,1549398150807
837,26,Gyroscope,0.042247448,-0.04550335,0.06518543,1549398150816
838,26,Accelerometer,-0.14963761,0.4141969,10.540473,1549398150817
839,26,Gyroscope,0.0013194754999999998,-0.06566191,0.044416014000000004,1549398150826
840,26,Accelerometer,0.32680854,1.0223241,8.925583999999999,1549398150826
841,26,Gyroscope,0.014758511,-0.046725083,0.043194283,1549398150836
842,26,Accelerometer,1.1180921999999998,1.1671733999999998,8.394072,1549398150836
843,26,Gyroscope,0.037971392,0.0033658687,0.052968126,1549398150847
844,26,Accelerometer,0.8583213,0.9792285,7.468712299999999,1549398150847
845,26,Gyroscope,-0.023115134,0.029633075,0.04747034,1549398150856
846,26,Accelerometer,0.80804306,1.3251906999999998,9.26197,1549398150857
847,26,Gyroscope,0.025143221,0.027189612000000002,0.05235726,1549398150866
848,26,Accelerometer,1.0486604,0.9648633,11.877635,1549398150867
849,26,Gyroscope,-0.057934448,0.08827614,-0.0081183985,1549398150876
850,26,Accelerometer,0.25498247,0.47644615,12.324152999999999,1549398150877
851,26,Gyroscope,-0.036554165,-0.050390273,0.019370537,1549398150886
852,26,Accelerometer,0.664391,1.0522517,12.030864,1549398150886
853,26,Gyroscope,-0.032278113,-0.08704219,0.022424864,1549398150896
854,26,Accelerometer,1.8866308999999997,1.1695676000000002,8.167819,1549398150896
855,26,Gyroscope,0.0062063990000000005,-0.0039645154,-0.0062858034,1549398150907
856,26,Accelerometer,1.0319009,0.62608373,7.967903,1549398150908
857,26,Gyroscope,-0.040830225,0.014972306999999999,0.02914438,1549398150916
858,26,Accelerometer,0.5674258000000001,0.78170687,7.963114699999999,1549398150917
859,26,Gyroscope,-0.07992560000000001,0.010085385,0.005320636,1549398150926
860,26,Accelerometer,0.22625206,1.2677298000000001,10.281899000000001,1549398150927
861,26,Gyroscope,9.774603000000001e-05,-0.020457877,-0.013005322,1549398150936
862,26,Accelerometer,1.365892,0.011971008,9.986216,1549398150937
863,26,Gyroscope,0.04713437,0.010085385,-0.021557434,1549398150946
864,26,Accelerometer,0.8415619000000001,0.7194576,9.070433,1549398150947
865,26,Gyroscope,-0.025558592999999998,0.054067686,-0.012394456000000002,1549398150956
866,26,Accelerometer,-0.5494693,0.44891283,10.487801,1549398150958
867,26,Gyroscope,-0.07198435,0.02902221,-0.0362182,1549398150967
868,26,Accelerometer,0.7266402,-0.046686932,12.051214,1549398150967
869,26,Gyroscope,-0.055490992999999995,-0.06505103400000001,-0.06492887,1549398150976
870,26,Accelerometer,1.22224,1.5586253,8.1163435,1549398150977
871,26,Gyroscope,-0.04877147,0.02902221,-0.102802515,1549398150986
872,26,Accelerometer,0.26815059999999996,-0.034715924,9.068039,1549398150987
873,26,Gyroscope,0.019034568,0.023524422000000003,-0.09669386599999999,1549398150996
874,26,Accelerometer,0.14844051,0.8415619000000001,10.783484,1549398150996
875,26,Gyroscope,0.014147647,0.011917981999999999,-0.06065281,1549398151006
876,26,Accelerometer,0.9768343,0.37948096,9.26197,1549398151006
877,26,Gyroscope,-0.016395615,0.005198464,-0.072259255,1549398151016
878,26,Accelerometer,0.5626374,0.5674258000000001,8.523358,1549398151017
879,26,Gyroscope,-0.04021936,0.052845955,-0.085087426,1549398151027
880,26,Accelerometer,0.676362,0.70509243,10.195708,1549398151027
881,26,Gyroscope,-0.018228212,0.02902221,-0.10219165,1549398151036
882,26,Accelerometer,0.7589619000000001,0.81402856,10.090363499999999,1549398151037
883,26,Gyroscope,0.0025412068,-0.025955664,-0.10158078,1549398151046
884,26,Accelerometer,0.91578215,0.3866636,10.340557,1549398151047
885,26,Gyroscope,-0.02494773,0.03757432,-0.11196549,1549398151056
886,26,Accelerometer,0.5446809,0.5614403,9.167398,1549398151056
887,26,Gyroscope,-0.045106277,0.029633075,-0.107078575,1549398151066
888,26,Accelerometer,0.37229836,0.81881696,9.707291,1549398151067
889,26,Gyroscope,-0.038386762000000005,0.02230269,-0.11746328,1549398151077
890,26,Accelerometer,0.008379705999999999,0.7026982,10.251971000000001,1549398151077
891,26,Gyroscope,-0.028002055,-0.0033536497999999996,-0.11379809,1549398151086
892,26,Accelerometer,0.23104046,0.52073884,9.920375,1549398151087
893,26,Gyroscope,-0.012730425,0.019859228,-0.13212404,1549398151096
894,26,Accelerometer,0.5781997,0.20111294,9.271546,1549398151097
895,26,Gyroscope,-0.010286963,0.011307117,-0.12357193,1549398151106
896,26,Accelerometer,0.6476316,1.2042834999999998,9.239224,1549398151106
897,26,Gyroscope,-0.010286963,0.010085385,-0.114408955,1549398151116
898,26,Accelerometer,0.60932434,0.748188,9.7479925,1549398151116
899,26,Gyroscope,-0.026780323999999998,0.030854802999999997,-0.110132895,1549398151126
900,26,Accelerometer,0.62129533,0.2777274,9.576807,1549398151127
901,26,Gyroscope,-0.0017348509,0.026578747000000003,-0.118685015,1549398151137
902,26,Accelerometer,0.581791,0.90859956,9.832987,1549398151137
903,26,Gyroscope,-0.030445517999999998,0.013750577,-0.10158078,1549398151146
904,26,Accelerometer,1.0450690999999999,0.89064306,9.417591999999999,1549398151147
905,26,Gyroscope,-0.0017348509,0.04062865,-0.11563069,1549398151156
906,26,Accelerometer,1.0019734,0.89184016,9.7803135,1549398151157
907,26,Gyroscope,-0.036554165,0.051013357999999995,-0.11624155,1549398151166
908,26,Accelerometer,0.49559975,1.0330979999999998,9.469068,1549398151166
909,26,Gyroscope,-0.011508694,0.03757432,-0.119906746,1549398151176
910,26,Accelerometer,0.39743748,1.2162545,10.978612,1549398151176
911,26,Gyroscope,-0.028002055,0.00825279,-0.11257636,1549398151187
912,26,Accelerometer,0.7182605,0.8439561,10.694899000000001,1549398151187
913,26,Gyroscope,9.774603000000001e-05,-0.007629706500000001,-0.10646771,1549398151196
914,26,Accelerometer,1.0187328000000002,1.0031705,9.992201,1549398151197
915,26,Gyroscope,-0.015173883999999999,0.038796052000000004,-0.11501982,1549398151206
916,26,Accelerometer,1.1504139,0.49440265,9.084799,1549398151207
917,26,Gyroscope,-0.032278113,0.024135287999999998,-0.11074376,1549398151216
918,26,Accelerometer,0.93014735,0.7015011,9.876082,1549398151216
919,26,Gyroscope,-0.011508694,0.002755003,-0.108300306,1549398151226
920,26,Accelerometer,1.2066777,0.7062895,9.921572,1549398151226
921,26,Gyroscope,-0.013952156499999998,0.026578747000000003,-0.10585684,1549398151237
922,26,Accelerometer,1.2593501,0.81043726,8.876503,1549398151237
923,26,Gyroscope,9.774603000000001e-05,0.041239515,-0.09730473,1549398151246
924,26,Accelerometer,0.42736499999999994,0.7038953,9.506178,1549398151247
925,26,Gyroscope,-0.021893403,0.06506326,-0.108911164,1549398151256
926,26,Accelerometer,0.38067806,0.830788,10.788273,1549398151257
927,26,Gyroscope,-0.009676097,0.048569895,-0.108300306,1549398151266
928,26,Accelerometer,0.6715736,0.9900024,9.824607,1549398151266
929,26,Gyroscope,-0.057934448,0.020470093999999998,-0.108911164,1549398151276
930,26,Accelerometer,0.8475474000000001,1.352724,9.892841,1549398151277
931,26,Gyroscope,-0.035332433999999996,0.025357015,-0.108300306,1549398151287
932,26,Accelerometer,0.7410054,1.400608,9.575610000000001,1549398151287
933,26,Gyroscope,-0.04144109,0.023524422000000003,-0.11196549,1549398151296
934,26,Accelerometer,0.4369418,1.3706805,9.557653,1549398151297
935,26,Gyroscope,-0.020060806,0.021691825,-0.11318722,1549398151306
936,26,Accelerometer,0.3890578,1.2006921999999998,9.28232,1549398151307
937,26,Gyroscope,-0.020671671000000003,0.034519996000000004,-0.110132895,1549398151316
938,26,Accelerometer,0.05746084,1.2868833999999998,9.770736999999999,1549398151316
939,26,Gyroscope,-0.025558592999999998,0.042461242999999996,-0.10096992,1549398151326
940,26,Accelerometer,-0.010773907,0.9935937,10.238804,1549398151326
941,26,Gyroscope,-0.026780323999999998,0.03757432,-0.09058521,1549398151336
942,26,Accelerometer,0.25498247,0.82360536,9.755175,1549398151337
943,26,Gyroscope,-0.023115134,0.041239515,-0.0820331,1549398151347
944,26,Accelerometer,0.4441244000000001,0.82480246,9.7563715,1549398151347
945,26,Gyroscope,-0.026169458,0.042461242999999996,-0.07287012,1549398151356
946,26,Accelerometer,0.7433996,0.5434838000000001,10.241197999999999,1549398151357
947,26,Gyroscope,-0.013952156499999998,0.019859228,-0.072259255,1549398151366
948,26,Accelerometer,0.6895300999999999,0.47644615,9.646238,1549398151367
949,26,Gyroscope,-0.012730425,0.019859228,-0.10341338,1549398151376
950,26,Accelerometer,0.50278234,0.5315128,9.611523,1549398151376
951,26,Gyroscope,-0.031056384,0.027189612000000002,-0.1345675,1549398151386
952,26,Accelerometer,0.10055647,0.5279215,9.379285000000001,1549398151386
953,26,Gyroscope,-0.040830225,0.033298265,-0.15900211,1549398151397
954,26,Accelerometer,-0.24181437,0.7038953,9.580399,1549398151397
955,26,Gyroscope,-0.03716503,0.045515567,-0.16205643,1549398151406
956,26,Accelerometer,-0.35673606,0.6619968,9.518148,1549398151407
957,26,Gyroscope,-0.036554165,0.060176335,-0.14922826,1549398151416
958,26,Accelerometer,-0.20350714,0.688333,9.5013895,1549398151417
959,26,Gyroscope,-0.024336865,0.076058835,-0.13212404,1549398151426
960,26,Accelerometer,0.029927522,1.0821792,9.572019000000001,1549398151427
961,26,Gyroscope,-0.021893403,0.0766697,-0.11501982,1549398151436
962,26,Accelerometer,0.2813187,1.2354081000000001,9.76954,1549398151436
963,26,Gyroscope,-0.009676097,0.07422624,-0.10219165,1549398151446
964,26,Accelerometer,0.48362875,1.1899183,9.848549,1549398151447
965,26,Gyroscope,-0.0054000409999999995,0.06628499,-0.10341338,1549398151457
966,26,Accelerometer,0.48003745,1.1647792,9.861717,1549398151457
967,26,Gyroscope,0.003762938,0.057122007,-0.107078575,1549398151466
968,26,Accelerometer,0.45489833,0.9900024,9.877279,1549398151467
969,26,Gyroscope,0.0013194754999999998,0.049791627000000005,-0.11624155,1549398151476
970,26,Accelerometer,0.4141969,0.92775315,9.792285000000001,1549398151477
971,26,Gyroscope,0.005595533000000001,0.0467373,-0.12235019999999999,1549398151486
972,26,Accelerometer,0.34237084,0.78290397,9.921572,1549398151487
973,26,Gyroscope,0.0062063990000000005,0.042461242999999996,-0.12784798,1549398151496
974,26,Accelerometer,0.20111294,0.7026982,9.77792,1549398151496
975,26,Gyroscope,0.0031520724,0.041239515,-0.13517837,1549398151506
976,26,Accelerometer,0.16160862,0.4285621,9.919178,1549398151507
977,26,Gyroscope,-0.0005131196,0.04307211,-0.14556308,1549398151517
978,26,Accelerometer,0.18435353,0.37708676,9.844957,1549398151517
979,26,Gyroscope,-0.0047891755,0.048569895,-0.1486174,1549398151527
980,26,Accelerometer,0.20470424,0.40462008,9.817424,1549398151527
981,26,Gyroscope,-0.012730425,0.048569895,-0.15289345,1549398151536
982,26,Accelerometer,0.40462008,0.4165911,9.981427,1549398151537
983,26,Gyroscope,-0.022504267999999997,0.048569895,-0.15716952,1549398151546
984,26,Accelerometer,0.5410896,0.42018240000000007,9.825804,1549398151546
985,26,Gyroscope,-0.023726,0.04918076,-0.16694336,1549398151556
986,26,Accelerometer,0.6859388000000001,0.39863458,9.886856,1549398151556
987,26,Gyroscope,-0.028612921,0.047348164000000005,-0.1767172,1549398151566
988,26,Accelerometer,0.6907272,0.49799395,9.859323,1549398151567
989,26,Gyroscope,-0.024336865,0.042461242999999996,-0.18649104,1549398151577
990,26,Accelerometer,0.35553896,0.80684596,10.490194,1549398151577
991,26,Gyroscope,-0.015173883999999999,0.04062865,-0.18710192,1549398151586
992,26,Accelerometer,0.049081136,1.0773908,10.274716,1549398151587
993,26,Gyroscope,-0.023726,0.029633075,-0.17549548,1549398151596
994,26,Accelerometer,0.20949265,1.6759412,9.916783,1549398151597
995,26,Gyroscope,-0.009065231,0.02474615,-0.15472606,1549398151606
996,26,Accelerometer,0.45370123,2.0434509999999997,10.117896,1549398151606
997,26,Gyroscope,-0.0005131196,0.020470093999999998,-0.13090230000000003,1549398151616
998,26,Accelerometer,0.7302314999999999,2.2278047,9.935937,1549398151616
999,26,Gyroscope,0.005595533000000001,0.008863656,-0.10219165,1549398151627
1000,26,Accelerometer,0.91338795,2.2337902,10.036493,1549398151627
1001,26,Gyroscope,0.020256299999999998,0.0009224061,-0.08142223,1549398151636
1002,26,Accelerometer,1.0606314,1.9991584,10.010158,1549398151637
1003,26,Gyroscope,0.015369377,-0.005797110500000001,-0.06492887,1549398151646
1004,26,Accelerometer,1.1312603,1.6496049,9.937134,1549398151646
1005,26,Gyroscope,0.017201971,-0.016792685,-0.050878964000000006,1549398151656
1006,26,Accelerometer,1.1647792,1.2629413999999999,10.067618,1549398151657
1007,26,Gyroscope,0.011704186,-0.023512203,-0.04782464,1549398151666
1008,26,Accelerometer,1.0869676000000001,0.8822633,10.030508,1549398151667
1009,26,Gyroscope,0.0049846675,-0.03267518,-0.052100695999999995,1549398151676
1010,26,Accelerometer,0.9600749,0.60573304,9.93474,1549398151676
1011,26,Gyroscope,-0.00417831,-0.033286046,-0.061263677,1549398151686
1012,26,Accelerometer,0.8655039000000001,0.29209262,9.818622,1549398151687
1013,26,Gyroscope,-0.017006481,-0.033896912,-0.07775704,1549398151696
1014,26,Accelerometer,0.7254431,0.2657564,9.745598,1549398151697
1015,26,Gyroscope,-0.009676097,-0.033896912,-0.08875261,1549398151706
1016,26,Accelerometer,0.7541734999999999,0.61291564,9.564836,1549398151707
1017,26,Gyroscope,-0.0023457147,-0.026566528,-0.089974344,1549398151716
1018,26,Accelerometer,0.7422025,0.9600749,9.636662,1549398151716
1019,26,Gyroscope,0.0074281283,-0.026566528,-0.08264396,1549398151726
1020,26,Accelerometer,0.82240826,0.8595184000000001,9.764750999999999,1549398151726
1021,26,Gyroscope,0.0019303411,-0.026566528,-0.07103752,1549398151737
1022,26,Accelerometer,0.9708488000000001,0.8403648000000001,9.757569,1549398151737
1023,26,Gyroscope,-0.0005131196,-0.019236146000000003,-0.07409185,1549398151746
1024,26,Accelerometer,1.1456255,0.8595184000000001,9.653421,1549398151747
1025,26,Gyroscope,-0.0017348509,-0.019236146000000003,-0.08447656,1549398151756
1026,26,Accelerometer,1.3251906999999998,1.0821792,9.652225,1549398151756
1027,26,Gyroscope,-0.012730425,-0.019236146000000003,-0.09241781,1549398151766
1028,26,Accelerometer,1.4305356000000002,1.4580688,9.651027000000001,1549398151766
1029,26,Gyroscope,-0.017617347,-0.013127493999999998,-0.091196075,1549398151777
1030,26,Accelerometer,1.4508862,1.780089,9.494206,1549398151777
1031,26,Gyroscope,-0.020671671000000003,-0.009462303,-0.0802005,1549398151786
1032,26,Accelerometer,1.5275006000000002,1.8950106,9.569624000000001,1549398151787
1033,26,Gyroscope,-0.020060806,-0.0039645154,-0.05943108,1549398151796
1034,26,Accelerometer,1.7046716,1.8519150000000002,9.709685,1549398151797
1035,26,Gyroscope,-0.00417831,-0.011905763,-0.0362182,1549398151806
1036,26,Accelerometer,1.6603789,2.0290859,9.921572,1549398151806
1037,26,Gyroscope,-0.008454369,-0.019236146000000003,-0.014227051000000001,1549398151817
1038,26,Accelerometer,1.5729905,2.006341,9.858125999999999,1549398151817
1039,26,Gyroscope,0.011704186,-0.023512203,0.005320636,1549398151826
1040,26,Accelerometer,1.3611037,2.1535845,9.652225,1549398151827
1041,26,Gyroscope,-0.00417831,-0.019847011,0.019370537,1549398151836
1042,26,Accelerometer,1.4640543,1.7585411,9.61272,1549398151837
1043,26,Gyroscope,0.017812836999999998,-0.013127493999999998,0.02914438,1549398151846
1044,26,Accelerometer,1.3982137,1.6603789,9.607930999999999,1549398151846
1045,26,Gyroscope,-0.0054000409999999995,-0.01618182,0.040139955,1549398151857
1046,26,Accelerometer,1.483208,1.4604629999999998,9.800664999999999,1549398151857
1047,26,Gyroscope,0.01109332,-0.01618182,0.04563774,1549398151866
1048,26,Accelerometer,1.541866,1.3251906999999998,9.625888,1549398151867
1049,26,Gyroscope,0.0013194754999999998,-0.011294898000000001,0.054189857,1549398151876
1050,26,Accelerometer,1.4676456,1.2078748,9.689333999999999,1549398151877
1051,26,Gyroscope,0.0013194754999999998,-0.008851437,0.06090937,1549398151886
1052,26,Accelerometer,1.4053963,1.1180921999999998,9.562441999999999,1549398151886
1053,26,Gyroscope,-0.0023457147,-0.0027427840000000003,0.06579629,1549398151897
1054,26,Accelerometer,1.3634979,1.1168951,9.593566000000001,1549398151897
1055,26,Gyroscope,-0.0011239853,-0.00029932335,0.07190494,1549398151906
1056,26,Accelerometer,1.3275848999999997,1.0690111,9.683349,1549398151907
1057,26,Gyroscope,-0.0035674459999999997,-0.0009101889999999999,0.07923533,1549398151916
1058,26,Accelerometer,1.2844891999999999,1.0905589,9.667786999999999,1549398151917
1059,26,Gyroscope,-0.0035674459999999997,0.0015332717000000001,0.08473311,1549398151926
1060,26,Accelerometer,1.3060371000000002,0.9888053,9.67018,1549398151926
1061,26,Gyroscope,0.0031520724,0.0039767325,0.08717657599999999,1549398151937
1062,26,Accelerometer,1.3623008,0.92535895,9.66659,1549398151937
1063,26,Gyroscope,9.774603000000001e-05,0.005198464,0.08351138,1549398151946
1064,26,Accelerometer,1.4281414,0.92296475,9.734824,1549398151947
1065,26,Gyroscope,-0.0017348509,0.0033658687,0.07557014,1549398151956
1066,26,Accelerometer,1.4664485,0.8619126,9.740809,1549398151957
1067,26,Gyroscope,-0.0066217724,0.0003115423,0.070072345,1549398151966
1068,26,Accelerometer,1.4939818,0.8499416,9.755175,1549398151966
1069,26,Gyroscope,-0.011508694,0.002755003,0.062741965,1549398151977
1070,26,Accelerometer,1.5454572,0.78170687,9.744401,1549398151977
1071,26,Gyroscope,-0.01211956,-0.00029932335,0.05724418,1549398151986
1072,26,Accelerometer,1.5658079,0.78649527,9.742006,1549398151987
1073,26,Gyroscope,-0.0072326380000000004,-0.007018841,0.05113553,1549398151996
1074,26,Accelerometer,1.5466543,0.7505821999999999,9.80665,1549398151997
1075,26,Gyroscope,-0.006010906999999999,-0.005797110500000001,0.044416014000000004,1549398152006
1076,26,Accelerometer,1.4329298000000001,0.79248077,9.812635,1549398152006
1077,26,Gyroscope,-0.0017348509,-0.009462303,0.044416014000000004,1549398152016
1078,26,Accelerometer,1.3551182,0.82240826,9.782708,1549398152017
1079,26,Gyroscope,-0.0011239853,-0.007018841,0.044416014000000004,1549398152027
1080,26,Accelerometer,1.2880806,0.90500826,9.746795,1549398152027
1081,26,Gyroscope,0.0019303411,-0.008851437,0.04502687599999999,1549398152036
1082,26,Accelerometer,1.2569559,0.94930094,9.7863,1549398152037
1083,26,Gyroscope,0.0007086117,-0.007629706500000001,0.04563774,1549398152046
1084,26,Accelerometer,1.2533646,0.9708488000000001,9.701305,1549398152047
1085,26,Gyroscope,0.005595533000000001,-0.008240572,0.04502687599999999,1549398152056
1086,26,Accelerometer,1.2485761999999998,0.93972415,9.751583,1549398152056
1087,26,Gyroscope,-0.0005131196,-0.008240572,0.04502687599999999,1549398152066
1088,26,Accelerometer,1.2497733,0.9756372,9.622296,1549398152067
1089,26,Gyroscope,0.0049846675,-0.00457538,0.042583417,1549398152076
1090,26,Accelerometer,1.2940661,1.0175357,9.704897,1549398152077
1091,26,Gyroscope,-0.0023457147,-0.0015210547,0.037696496,1549398152086
1092,26,Accelerometer,1.2856863,0.9528923,9.635465,1549398152087
1093,26,Gyroscope,9.774603000000001e-05,0.0003115423,0.030976977000000003,1549398152096
1094,26,Accelerometer,1.3144168,0.8583213,9.665392,1549398152096
1095,26,Gyroscope,-0.0054000409999999995,-0.0027427840000000003,0.02792265,1549398152106
1096,26,Accelerometer,1.3335704,0.82001406,9.685742999999999,1549398152107
1097,26,Gyroscope,-0.0047891755,-0.00029932335,0.018148808,1549398152117
1098,26,Accelerometer,1.2689268999999999,0.7422025,9.7084875,1549398152117
1099,26,Gyroscope,-0.0066217724,0.0009224061,0.011429288999999999,1549398152126
1100,26,Accelerometer,1.1971009,0.6775591,9.7324295,1549398152127
1101,26,Gyroscope,-0.0066217724,-0.0027427840000000003,-0.00017715083,1549398152136
1102,26,Accelerometer,1.1192893,0.7038953,9.695319999999999,1549398152136
1103,26,Gyroscope,-0.007843504,-0.00029932335,-0.00934013,1549398152146
1104,26,Accelerometer,1.4053963,0.8355764000000001,9.824607,1549398152146
1105,26,Gyroscope,-0.013341291000000002,-0.005186245999999999,-0.0044532074,1549398152157
1106,26,Accelerometer,1.4077905000000002,0.78649527,9.765948,1549398152157
1107,26,Gyroscope,-0.009676097,-0.005797110500000001,-0.0020097466,1549398152166
1108,26,Accelerometer,1.3670892,0.770933,9.7958765,1549398152167
1109,26,Gyroscope,-0.0023457147,-0.005797110500000001,-0.0013988813000000001,1549398152176
1110,26,Accelerometer,1.3072342,0.82240826,9.719261999999999,1549398152177
1111,26,Gyroscope,-0.0005131196,-0.007018841,-0.0013988813000000001,1549398152186
1112,26,Accelerometer,1.1647792,0.91338795,9.767146,1549398152186
1113,26,Gyroscope,0.0019303411,-0.005797110500000001,-0.0038423421999999995,1549398152196
1114,26,Accelerometer,1.1552023,0.82480246,9.7240505,1549398152197
1115,26,Gyroscope,0.0074281283,-0.005186245999999999,-0.010561859,1549398152207
1116,26,Accelerometer,1.2545617,0.8738836,9.671378,1549398152207
1117,26,Gyroscope,-0.0023457147,-0.006407976,-0.017281378,1549398152216
1118,26,Accelerometer,1.3311761999999998,0.89902276,9.824607,1549398152217
1119,26,Gyroscope,0.008038994,-0.008851437,-0.020335704,1549398152226
1120,26,Accelerometer,1.4712370000000001,0.8583213,9.7084875,1549398152227
1121,26,Gyroscope,-0.00417831,-0.007629706500000001,-0.026444355,1549398152236
1122,26,Accelerometer,1.4580688,0.9564835999999999,9.744401,1549398152236
1123,26,Gyroscope,-0.0005131196,-0.010073167,-0.02705522,1549398152247
1124,26,Accelerometer,1.4317327,0.93732995,9.697714,1549398152247
1125,26,Gyroscope,-0.0029565803999999996,-0.010684033,-0.025222626,1549398152256
1126,26,Accelerometer,1.4293385,0.94331545,9.734824,1549398152257
1127,26,Gyroscope,-0.0017348509,-0.008851437,-0.02339003,1549398152266
1128,26,Accelerometer,1.4089876000000001,0.9816226999999998,9.7084875,1549398152267
1129,26,Gyroscope,-0.0047891755,-0.006407976,-0.018503106999999998,1549398152276
1130,26,Accelerometer,1.4161704,1.1192893,9.688137,1549398152276
1131,26,Gyroscope,-0.00417831,-0.005797110500000001,-0.014227051000000001,1549398152286
1132,26,Accelerometer,1.42455,1.1204863999999999,9.740809,1549398152287
1133,26,Gyroscope,9.774603000000001e-05,-0.005797110500000001,-0.0056749377,1549398152297
1134,26,Accelerometer,1.4437037,1.2593501,9.718064,1549398152297
1135,26,Gyroscope,-0.0017348509,-0.006407976,-0.0007880160000000001,1549398152306
1136,26,Accelerometer,1.4736311000000002,1.258153,9.810242,1549398152307
1137,26,Gyroscope,-0.0023457147,-0.009462303,0.0040989057,1549398152316
1138,26,Accelerometer,1.5526398000000001,1.271321,9.742006,1549398152316
1139,26,Gyroscope,-0.0035674459999999997,-0.010684033,0.0047097714,1549398152326
1140,26,Accelerometer,1.6244658,1.2425906999999998,9.721656,1549398152326
1141,26,Gyroscope,-0.0047891755,-0.01496009,0.0059315017,1549398152337
1142,26,Accelerometer,1.5825673,1.1563994,9.654618,1549398152337
1143,26,Gyroscope,-0.0005131196,-0.011294898000000001,0.007153232,1549398152346
1144,26,Accelerometer,1.650802,1.0498575,9.700109,1549398152347
1145,26,Gyroscope,-0.0035674459999999997,-0.010684033,0.013261884,1549398152356
1146,26,Accelerometer,1.6292541999999999,1.0055646999999999,9.7084875,1549398152357
1147,26,Gyroscope,0.0025412068,-0.013127493999999998,0.01387275,1549398152366
1148,26,Accelerometer,1.6950948000000001,1.0534488000000002,9.694122,1549398152366
1149,26,Gyroscope,-0.009676097,-0.010684033,0.015094481000000002,1549398152377
1150,26,Accelerometer,1.6891093000000001,1.0582372,9.698911,1549398152377
1151,26,Gyroscope,-0.0011239853,-0.009462303,0.01631621,1549398152386
1152,26,Accelerometer,1.5490485,1.1085154,9.568427,1549398152387
1153,26,Gyroscope,-0.007843504,-0.010684033,0.018759671999999998,1549398152396
1154,26,Accelerometer,1.5131354,1.1240777,9.767146,1549398152397
1155,26,Gyroscope,-0.008454369,-0.009462303,0.026700921000000002,1549398152406
1156,26,Accelerometer,1.4975731,1.1408371000000002,9.703699,1549398152406
1157,26,Gyroscope,-0.0005131196,-0.007629706500000001,0.031587843,1549398152416
1158,26,Accelerometer,1.5215151000000002,1.1863270000000001,9.709685,1549398152417
1159,26,Gyroscope,-0.0029565803999999996,-0.006407976,0.04075082,1549398152426
1160,26,Accelerometer,1.5406688,1.1994951,9.672575,1549398152427
1161,26,Gyroscope,-0.0017348509,-0.005186245999999999,0.046248607000000004,1549398152436
1162,26,Accelerometer,1.590947,1.2054806,9.625888,1549398152437
1163,26,Gyroscope,0.0025412068,-0.0033536497999999996,0.04869207,1549398152446
1164,26,Accelerometer,1.5921441,1.1839328000000002,9.712079,1549398152446
1165,26,Gyroscope,9.774603000000001e-05,-0.0039645154,0.051746394,1549398152456
1166,26,Accelerometer,1.578976,1.0845733999999998,9.65821,1549398152456
1167,26,Gyroscope,-0.0047891755,-0.0009101889999999999,0.048081204,1549398152467
1168,26,Accelerometer,1.5682021000000002,1.0259154000000001,9.673772,1549398152467
1169,26,Gyroscope,-0.00417831,-0.0015210547,0.04380515,1549398152476
1170,26,Accelerometer,1.5837643999999997,0.9816226999999998,9.677363,1549398152477
1171,26,Gyroscope,-0.0066217724,0.0009224061,0.041361686,1549398152486
1172,26,Accelerometer,1.5873556999999998,0.9995792,9.65821,1549398152487
1173,26,Gyroscope,-0.009065231,-0.0009101889999999999,0.03708563,1549398152496
1174,26,Accelerometer,1.5346833,1.0259154000000001,9.703699,1549398152496
1175,26,Gyroscope,-0.009676097,-0.0021319194,0.035863900000000004,1549398152507
1176,26,Accelerometer,1.5059528,1.0175357,9.704897,1549398152507
1177,26,Gyroscope,-0.0066217724,-0.0015210547,0.035863900000000004,1549398152516
1178,26,Accelerometer,1.532289,0.9792285,9.714474000000001,1549398152517
1179,26,Gyroscope,-0.00417831,-0.0015210547,0.034642167,1549398152526
1180,26,Accelerometer,1.5586253,0.89303726,9.718064,1549398152527
1181,26,Gyroscope,-0.0054000409999999995,0.0009224061,0.031587843,1549398152536
1182,26,Accelerometer,1.520318,0.8403648000000001,9.751583,1549398152536
1183,26,Gyroscope,-0.00417831,-0.0021319194,0.029755246000000003,1549398152546
1184,26,Accelerometer,1.5215151000000002,0.78649527,9.728839,1549398152547
1185,26,Gyroscope,-0.0047891755,-0.0015210547,0.02303573,1549398152557
1186,26,Accelerometer,1.496376,0.80205756,9.652225,1549398152557
1187,26,Gyroscope,-0.0023457147,-0.0015210547,0.021203132000000003,1549398152566
1188,26,Accelerometer,1.4856021000000001,0.81283146,9.765948,1549398152567
1189,26,Gyroscope,-0.0047891755,-0.0027427840000000003,0.020592269,1549398152576
1190,26,Accelerometer,1.4748282,0.79966336,9.751583,1549398152576
1191,26,Gyroscope,-0.0005131196,-0.0015210547,0.011429288999999999,1549398152587
1192,26,Accelerometer,1.4640543,0.8391677,9.749189,1549398152587
1193,26,Gyroscope,-0.0035674459999999997,0.0003115423,0.008985829,1549398152596
1194,26,Accelerometer,1.4856021000000001,0.93732995,9.697714,1549398152597
1195,26,Gyroscope,-0.0023457147,-0.0027427840000000003,0.0077640980000000005,1549398152606
1196,26,Accelerometer,1.5035586,0.9768343,9.746795,1549398152607
1197,26,Gyroscope,-0.0029565803999999996,-0.0021319194,0.007153232,1549398152616
1198,26,Accelerometer,1.496376,0.90979666,9.738416,1549398152616
1199,26,Gyroscope,-0.0011239853,-0.005797110500000001,0.0022663101999999997,1549398152626
1200,26,Accelerometer,1.4676456,0.89184016,9.736021000000001,1549398152627
1201,26,Gyroscope,-0.0035674459999999997,-0.005797110500000001,-0.0038423421999999995,1549398152637
1202,26,Accelerometer,1.4317327,0.89543146,9.749189,1549398152637
1203,26,Gyroscope,-0.0029565803999999996,-0.009462303,-0.010561859,1549398152646
1204,26,Accelerometer,1.4101848999999997,0.8535328999999999,9.715671,1549398152647
1205,26,Gyroscope,-0.00417831,-0.008851437,-0.013616186,1549398152656
1206,26,Accelerometer,1.3742718,0.89303726,9.696517,1549398152657
1207,26,Gyroscope,-0.00417831,-0.0039645154,-0.019113973,1549398152666
1208,26,Accelerometer,1.3850456,0.8607155000000001,9.719261999999999,1549398152666
1209,26,Gyroscope,-0.0054000409999999995,-0.005797110500000001,-0.021557434,1549398152677
1210,26,Accelerometer,1.3742718,0.8319851,9.767146,1549398152677
1211,26,Gyroscope,-0.0047891755,-0.005797110500000001,-0.025222626,1549398152686
1212,26,Accelerometer,1.365892,0.79726917,9.7479925,1549398152687
1213,26,Gyroscope,-0.0047891755,-0.007018841,-0.029498681000000002,1549398152696
1214,26,Accelerometer,1.4053963,0.7721300999999999,9.7719345,1549398152697
1215,26,Gyroscope,-0.0023457147,-0.009462303,-0.03133128,1549398152706
1216,26,Accelerometer,1.4496891,0.82480246,9.775525,1549398152706
1217,26,Gyroscope,-0.0023457147,-0.010684033,-0.036829066,1549398152716
1218,26,Accelerometer,1.4760253,0.82599956,9.7563715,1549398152717
1219,26,Gyroscope,-0.0005131196,-0.010073167,-0.036829066,1549398152727
1220,26,Accelerometer,1.4939818,0.8511386999999999,9.7324295,1549398152727
1221,26,Gyroscope,-0.0047891755,-0.015570954,-0.03743993,1549398152736
1222,26,Accelerometer,1.5047556999999998,0.92416185,9.740809,1549398152737
1223,26,Gyroscope,0.0013194754999999998,-0.014349223999999999,-0.038050797000000004,1549398152746
1224,26,Accelerometer,1.5083469999999999,0.93613285,9.709685,1549398152746
1225,26,Gyroscope,-0.0017348509,-0.014349223999999999,-0.03743993,1549398152756
1226,26,Accelerometer,1.5131354,0.9804255999999999,9.734824,1549398152757
1227,26,Gyroscope,-0.0035674459999999997,-0.012516629,-0.03499647,1549398152766
1228,26,Accelerometer,1.4820108,0.9624690999999999,9.722853,1549398152767
1229,26,Gyroscope,-0.0011239853,-0.011905763,-0.0362182,1549398152776
1230,26,Accelerometer,1.4879963,0.9636662,9.685742999999999,1549398152777
1231,26,Gyroscope,-0.006010906999999999,-0.008851437,-0.034385603,1549398152786
1232,26,Accelerometer,1.484405,0.9720459000000001,9.7084875,1549398152786
1233,26,Gyroscope,-0.0054000409999999995,-0.009462303,-0.033163875,1549398152796
1234,26,Accelerometer,1.4856021000000001,0.9768343,9.683349,1549398152797
1235,26,Gyroscope,-0.0066217724,-0.009462303,-0.035607334,1549398152806
1236,26,Accelerometer,1.4616601,0.9792285,9.661800999999999,1549398152807
1237,26,Gyroscope,-0.008454369,-0.0039645154,-0.033163875,1549398152816
1238,26,Accelerometer,1.459266,1.0522517,9.628283,1549398152817
1239,26,Gyroscope,-0.007843504,-0.0039645154,-0.03133128,1549398152826
1240,26,Accelerometer,1.4425066,1.13964,9.671378,1549398152826
1241,26,Gyroscope,-0.007843504,-0.0021319194,-0.0221683,1549398152836
1242,26,Accelerometer,1.4556746,1.0881646999999999,9.700109,1549398152836
1243,26,Gyroscope,-0.006010906999999999,-0.00457538,-0.020946568,1549398152847
1244,26,Accelerometer,1.447295,1.1204863999999999,9.706094,1549398152847
1245,26,Gyroscope,-0.0054000409999999995,-0.00457538,-0.016670512,1549398152856
1246,26,Accelerometer,1.4484920000000001,1.0726023999999998,9.76116,1549398152857
1247,26,Gyroscope,-0.0066217724,-0.00457538,-0.017892243000000002,1549398152866
1248,26,Accelerometer,1.4137761999999998,1.055843,9.715671,1549398152867
1249,26,Gyroscope,-0.0035674459999999997,-0.005797110500000001,-0.014837916999999999,1549398152876
1250,26,Accelerometer,1.365892,1.0606314,9.751583,1549398152876
1251,26,Gyroscope,-0.0047891755,-0.005797110500000001,-0.018503106999999998,1549398152886
1252,26,Accelerometer,1.3204023,1.043872,9.728839,1549398152887
1253,26,Gyroscope,-0.0054000409999999995,-0.006407976,-0.018503106999999998,1549398152897
1254,26,Accelerometer,1.2785037000000001,1.0534488000000002,9.67018,1549398152897
1255,26,Gyroscope,-0.0054000409999999995,-0.0033536497999999996,-0.020946568,1549398152906
1256,26,Accelerometer,1.2521674999999999,1.0773908,9.64983,1549398152907
1257,26,Gyroscope,-0.007843504,0.0009224061,-0.019724838,1549398152916
1258,26,Accelerometer,1.2533646,1.1049241,9.642648,1549398152916
1259,26,Gyroscope,-0.0054000409999999995,-0.00029932335,-0.018503106999999998,1549398152926
1260,26,Accelerometer,1.2773066000000002,1.0869676000000001,9.688137,1549398152926
1261,26,Gyroscope,-0.0054000409999999995,0.0039767325,-0.014837916999999999,1549398152937
1262,26,Accelerometer,1.2856863,1.1683705,9.688137,1549398152937
1263,26,Gyroscope,-0.009065231,0.0064201931999999995,-0.011172725,1549398152946
1264,26,Accelerometer,1.2653356000000002,1.1480197,9.634267999999999,1549398152947
1265,26,Gyroscope,-0.0035674459999999997,0.0021441374,-0.011783591000000001,1549398152956
1266,26,Accelerometer,1.3323733,1.0127473,9.822212,1549398152957
1267,26,Gyroscope,-0.0072326380000000004,-0.0015210547,-0.012394456000000002,1549398152966
1268,26,Accelerometer,1.3311761999999998,0.9804255999999999,9.825804,1549398152966
1269,26,Gyroscope,-0.0029565803999999996,-0.0027427840000000003,-0.008729264,1549398152976
1270,26,Accelerometer,1.2545617,1.0330979999999998,9.774328,1549398152977
1271,26,Gyroscope,-0.0023457147,-0.00457538,-0.00934013,1549398152986
1272,26,Accelerometer,1.1444284,1.0031705,9.753978,1549398152987
1273,26,Gyroscope,-0.0011239853,-0.0015210547,-0.0056749377,1549398152996
1274,26,Accelerometer,1.0977415000000001,1.0223241,9.7084875,1549398152997
1275,26,Gyroscope,-0.0011239853,-0.0033536497999999996,-0.0020097466,1549398153006
1276,26,Accelerometer,1.1156979999999999,1.0450690999999999,9.797073,1549398153006
1277,26,Gyroscope,-0.0017348509,-0.006407976,-0.0020097466,1549398153016
1278,26,Accelerometer,1.1360487,1.0714053,9.765948,1549398153016
1279,26,Gyroscope,-0.0017348509,-0.006407976,-0.0038423421999999995,1549398153027
1280,26,Accelerometer,1.1563994,1.0570401000000003,9.7803135,1549398153027
1281,26,Gyroscope,-0.0023457147,-0.010684033,-0.003231477,1549398153036
1282,26,Accelerometer,1.2689268999999999,1.1049241,9.7803135,1549398153037
1283,26,Gyroscope,-0.0035674459999999997,-0.008240572,-0.0038423421999999995,1549398153046
1284,26,Accelerometer,1.3144168,1.1049241,9.749189,1549398153047
1285,26,Gyroscope,-0.0047891755,-0.011905763,-0.003231477,1549398153056
1286,26,Accelerometer,1.3850456,1.2330139,9.746795,1549398153056
1287,26,Gyroscope,-0.0035674459999999997,-0.01618182,0.00043371435999999995,1549398153066
1288,26,Accelerometer,1.3515268999999999,1.2366052,9.7324295,1549398153067
1289,26,Gyroscope,-0.0005131196,-0.015570954,0.010818423999999998,1549398153077
1290,26,Accelerometer,1.2868833999999998,1.2569559,9.720459,1549398153077
1291,26,Gyroscope,-0.0023457147,-0.01618182,0.019370537,1549398153086
1292,26,Accelerometer,1.2749124,1.1719618,9.719261999999999,1549398153087
1293,26,Gyroscope,-0.0047891755,-0.014349223999999999,0.02792265,1549398153096
1294,26,Accelerometer,1.3467385,1.1575965,9.750386,1549398153097
1295,26,Gyroscope,-0.010897828,-0.01618182,0.036474764,1549398153106
1296,26,Accelerometer,1.4281414,1.1192893,9.7479925,1549398153106
1297,26,Gyroscope,-0.008454369,-0.016792685,0.04380515,1549398153117
1298,26,Accelerometer,1.4736311000000002,1.0666169,9.725247,1549398153117
1299,26,Gyroscope,-0.013952156499999998,-0.01618182,0.04747034,1549398153126
1300,26,Accelerometer,1.4520833,1.0737995,9.730036,1549398153127
1301,26,Gyroscope,-0.011508694,-0.014349223999999999,0.052968126,1549398153136
1302,26,Accelerometer,1.5023615,1.0486604,9.751583,1549398153137
1303,26,Gyroscope,-0.006010906999999999,-0.01618182,0.054189857,1549398153146
1304,26,Accelerometer,1.5358804,1.0283096,9.746795,1549398153146
1305,26,Gyroscope,-0.04754974,-0.0033536497999999996,0.057855047,1549398153156
1306,26,Accelerometer,1.4796166000000002,1.009156,8.623915,1549398153157
1307,26,Gyroscope,-0.16850106,0.030243937000000002,0.08290052,1549398153166
1308,26,Accelerometer,1.6675615000000001,1.0043676,10.287885000000001,1549398153167
1309,26,Gyroscope,-0.164225,0.06933931,0.06946149,1549398153176
1310,26,Accelerometer,1.5442601,0.8499416,9.344569,1549398153177
1311,26,Gyroscope,-0.27662423,0.1328693,0.074348405,1549398153186
1312,26,Accelerometer,1.447295,0.770933,9.166202,1549398153186
1313,26,Gyroscope,-0.37802786,0.17135382,0.08778744,1549398153196
1314,26,Accelerometer,1.4999673,0.6404489000000001,9.616311,1549398153197
1315,26,Gyroscope,-0.34809545,0.13836709,0.07557014,1549398153206
1316,26,Accelerometer,1.6675615000000001,0.61411273,10.382456,1549398153207
1317,26,Gyroscope,-0.13856867,0.03757432,0.032809574,1549398153216
1318,26,Accelerometer,1.6986861,0.5590460999999999,11.065999999999999,1549398153217
1319,26,Gyroscope,0.11249695,-0.051612005,0.007153232,1549398153226
1320,26,Accelerometer,1.6053122,0.59974754,10.204087,1549398153226
1321,26,Gyroscope,0.20107241,-0.106589876,-0.014837916999999999,1549398153236
1322,26,Accelerometer,1.6591818,0.7026982,10.251971000000001,1549398153236
1323,26,Gyroscope,0.30919555,-0.14812872,-0.0221683,1549398153246
1324,26,Accelerometer,1.3503298000000001,0.6835446,10.081984,1549398153247
1325,26,Gyroscope,0.3366845,-0.12919189,-0.008729264,1549398153256
1326,26,Accelerometer,1.6998832,0.92535895,9.387665,1549398153257
1327,26,Gyroscope,0.17175089,-0.060164116,-0.021557434,1549398153266
1328,26,Accelerometer,1.6208745,1.0414777,8.075643,1549398153267
1329,26,Gyroscope,-0.113523185,-0.00457538,-0.0038423421999999995,1549398153276
1330,26,Accelerometer,1.6424223000000002,0.94810385,8.562861999999999,1549398153276
1331,26,Gyroscope,-0.14223385,0.0058093295,-0.0044532074,1549398153286
1332,26,Accelerometer,1.7118542,0.89782566,10.62427,1549398153286
