,Unnamed: 0,statusId,sensorName,valueX,valueY,valueZ,timestamp
0,0,166,Accelerometer,0.5386954,8.9040365,1.7908629,1551290179560
1,1,166,Accelerometer,0.5386954,8.9040365,1.7908629,1551290179569
2,2,166,Accelerometer,0.5410896,9.002198,1.8495207999999999,1551290179579
3,3,166,Accelerometer,0.5315128,9.648633,2.055422,1551290179589
4,4,166,Accelerometer,0.80684596,9.639056,2.2637177000000004,1551290179599
5,5,166,Gyroscope,-0.005607743,0.017434094,-0.0009162994,1551290179609
6,6,166,Accelerometer,0.78410107,9.653421,2.1990743,1551290179610
7,7,166,Gyroscope,-0.005607743,-0.013720032,-0.0027488945,1551290179619
8,8,166,Accelerometer,0.5710170999999999,9.706094,2.1308396000000003,1551290179619
9,9,166,Gyroscope,-0.005607743,-0.005778784,-0.0027488945,1551290179629
10,10,166,Accelerometer,0.65242,9.664195,2.2709002000000003,1551290179629
11,11,166,Gyroscope,-0.008662069,0.019877557,-0.005803221,1551290179639
12,12,166,Accelerometer,0.5518635000000001,9.660604,2.2936451,1551290179639
13,13,166,Gyroscope,-0.007440338,-0.0027244575,-0.0021380298,1551290179648
14,14,166,Accelerometer,0.37708676,9.667786999999999,2.2062569,1551290179650
15,15,166,Gyroscope,-0.0068294723,-0.022272145,-0.0015271641,1551290179659
16,16,166,Accelerometer,0.47524905,9.631872999999999,2.2301989,1551290179660
17,17,166,Gyroscope,-0.008051204000000001,0.0033841953,-0.0015271641,1551290179669
18,18,166,Accelerometer,0.533907,9.662998,2.2266076,1551290179669
19,19,166,Gyroscope,-0.0062186066,-0.007000514300000001,-0.0027488945,1551290179679
20,20,166,Accelerometer,0.5291186,9.637858999999999,2.112883,1551290179679
21,21,166,Gyroscope,-0.0043860115,-0.024715606,-0.0045814905,1551290179688
22,22,166,Accelerometer,0.49200845,9.673772,2.0219033,1551290179689
23,23,166,Gyroscope,-0.0043860115,-0.005778784,-0.0051923557,1551290179699
24,24,166,Accelerometer,0.5566519,9.685742999999999,2.0242975,1551290179700
25,25,166,Gyroscope,-0.0019425508,-0.011276571,-0.0070249513,1551290179709
26,26,166,Accelerometer,0.4249708,9.695319999999999,1.9704279999999998,1551290179709
27,27,166,Gyroscope,-0.0019425508,-0.022272145,-0.009468411999999999,1551290179719
28,28,166,Accelerometer,0.45370123,9.703699,2.0314799999999997,1551290179719
29,29,166,Gyroscope,-0.00010995566999999999,-0.014941761999999999,-0.009468411999999999,1551290179729
30,30,166,Accelerometer,0.39145198,9.702502,2.099715,1551290179729
31,31,166,Gyroscope,-0.0019425508,-0.026548203,-0.011301008000000001,1551290179738
32,32,166,Accelerometer,0.40342298,9.739613,2.054225,1551290179739
33,33,166,Gyroscope,-0.004996877,-0.04731762,-0.011301008000000001,1551290179749
34,34,166,Accelerometer,0.45010993,9.728839,2.0829554,1551290179750
35,35,166,Gyroscope,-0.0037751459000000005,-0.027159067000000002,-0.011911874,1551290179759
36,36,166,Accelerometer,0.48722005,9.706094,2.0602105,1551290179759
37,37,166,Gyroscope,-0.004996877,-0.035100315,-0.013133603999999998,1551290179769
38,38,166,Accelerometer,0.48841715,9.702502,1.9812019,1551290179769
39,39,166,Gyroscope,-0.0043860115,-0.041819833,-0.012522738,1551290179779
40,40,166,Accelerometer,0.5279215,9.677363,1.9859903,1551290179779
41,41,166,Gyroscope,-0.004996877,-0.030213392999999998,-0.01374447,1551290179788
42,42,166,Accelerometer,0.50757074,9.671378,1.9261352999999999,1551290179790
43,43,166,Gyroscope,-0.004996877,-0.027769932999999997,-0.012522738,1551290179799
44,44,166,Accelerometer,0.48961425,9.665392,1.9261352999999999,1551290179800
45,45,166,Gyroscope,-0.0037751459000000005,-0.031435125,-0.010690143000000001,1551290179809
46,46,166,Accelerometer,0.47884035,9.706094,1.9620483,1551290179809
47,47,166,Gyroscope,-0.0043860115,-0.028380796,-0.010690143000000001,1551290179819
48,48,166,Accelerometer,0.5518635000000001,9.719261999999999,1.9859903,1551290179819
49,49,166,Gyroscope,-0.004996877,-0.025937337,-0.011301008000000001,1551290179828
50,50,166,Accelerometer,0.5494693,9.700109,2.0242975,1551290179829
51,51,166,Gyroscope,-0.005607743,-0.027769932999999997,-0.011301008000000001,1551290179838
52,52,166,Accelerometer,0.5482722,9.697714,2.0350714,1551290179840
53,53,166,Gyroscope,-0.004996877,-0.031435125,-0.012522738,1551290179849
54,54,166,Accelerometer,0.60333884,9.7084875,2.0949266,1551290179849
55,55,166,Gyroscope,-0.005607743,-0.02410474,-0.011301008000000001,1551290179859
56,56,166,Accelerometer,0.5758055000000001,9.719261999999999,2.0901381999999997,1551290179859
57,57,166,Gyroscope,-0.007440338,-0.023493875,-0.011301008000000001,1551290179868
58,58,166,Accelerometer,0.5793968,9.695319999999999,2.1152773,1551290179869
59,59,166,Gyroscope,-0.009883799,-0.018606953,-0.008246682,1551290179879
60,60,166,Accelerometer,0.5542577,9.682152,2.1547816,1551290179880
61,61,166,Gyroscope,-0.0068294723,-0.016774358,-0.0070249513,1551290179889
62,62,166,Accelerometer,0.5518635000000001,9.691728999999999,2.1152773,1551290179889
63,63,166,Gyroscope,-0.009272933,-0.017996088,-0.006414085999999999,1551290179899
64,64,166,Accelerometer,0.533907,9.689333999999999,2.0913353,1551290179899
65,65,166,Gyroscope,-0.008662069,-0.016774358,-0.005803221,1551290179908
66,66,166,Accelerometer,0.60214174,9.688137,2.1428106,1551290179909
67,67,166,Gyroscope,-0.010494663999999999,-0.010054841,-0.008857547,1551290179919
68,68,166,Accelerometer,0.5363011999999999,9.783905,2.1057005,1551290179920
69,69,166,Gyroscope,-0.0141598545,-0.0027244575,-0.006414085999999999,1551290179929
70,70,166,Accelerometer,0.44651863,9.7240505,2.112883,1551290179929
71,71,166,Gyroscope,-0.0141598545,-0.017385223999999998,-0.0033597602000000003,1551290179939
72,72,166,Accelerometer,0.5363011999999999,9.671378,2.2361843999999995,1551290179939
73,73,166,Gyroscope,-0.01477072,-0.013109166,-0.0051923557,1551290179948
74,74,166,Accelerometer,0.4333505,9.737217999999999,2.2577322,1551290179949
75,75,166,Gyroscope,-0.017825048,-0.005778784,-0.0033597602000000003,1551290179959
76,76,166,Accelerometer,0.32680854,9.76954,2.2577322,1551290179959
77,77,166,Gyroscope,-0.02271197,-0.025326472000000003,-0.0033597602000000003,1551290179969
78,78,166,Accelerometer,0.34237084,9.805453,2.219425,1551290179969
79,79,166,Gyroscope,-0.025155429,-0.008833109,-0.0021380298,1551290179978
80,80,166,Accelerometer,0.59974754,9.713275999999999,2.397793,1551290179980
81,81,166,Gyroscope,-0.03309668,0.012547173,-0.0033597602000000003,1551290179989
82,82,166,Accelerometer,0.39983168,9.785102,2.4013843999999995,1551290179989
83,83,166,Gyroscope,-0.03431841,-0.0143308975,-0.0021380298,1551290179999
84,84,166,Accelerometer,0.45848963,9.694122,2.4708161,1551290179999
85,85,166,Gyroscope,-0.03309668,-0.008833109,-0.0015271641,1551290180008
86,86,166,Accelerometer,0.34715924,9.619903,2.6156653999999997,1551290180009
87,87,166,Gyroscope,-0.035540137,0.0046059247,0.0027488926,1551290180018
88,88,166,Accelerometer,0.51355624,9.610325999999999,2.6731262000000005,1551290180020
89,89,166,Gyroscope,-0.037372734,0.0033841953,0.005803218000000001,1551290180029
90,90,166,Accelerometer,0.48123455,9.690532000000001,2.7030537,1551290180030
91,91,166,Gyroscope,-0.04653571,-0.003946188,0.0051923534,1551290180039
92,92,166,Accelerometer,0.62847793,9.946711,2.4863784,1551290180039
93,93,166,Gyroscope,-0.051422637,0.041868705,0.008246679,1551290180049
94,94,166,Accelerometer,0.35075054,9.799467,2.6839,1551290180049
95,95,166,Gyroscope,-0.05569869,0.0009407345,0.011911871000000001,1551290180058
96,96,166,Accelerometer,0.35793316,9.849746000000001,2.469619,1551290180060
97,97,166,Gyroscope,-0.05569869,-0.0015027261999999999,0.012522736999999999,1551290180069
98,98,166,Accelerometer,0.4321534000000001,9.698911,2.6420016,1551290180069
99,99,166,Gyroscope,-0.05569869,0.022931881,0.0033597574,1551290180079
100,100,166,Accelerometer,0.7314286,9.568427,2.8395232999999998,1551290180079
101,101,166,Gyroscope,-0.056309555,0.013768903999999998,-0.0015271641,1551290180089
102,102,166,Accelerometer,0.46208093,9.679757,2.633622,1551290180089
103,103,166,Gyroscope,-0.06241821,0.013768903999999998,-0.0009162994,1551290180099
104,104,166,Accelerometer,0.48482585,9.874885,2.541445,1551290180100
105,105,166,Gyroscope,-0.0660834,0.020488422,-0.0009162994,1551290180109
106,106,166,Accelerometer,0.49559975,9.797073,2.694674,1551290180109
107,107,166,Gyroscope,-0.072802916,0.035760053,-0.0021380298,1551290180119
108,108,166,Accelerometer,0.47405192,9.566033000000001,2.9819782000000004,1551290180119
109,109,166,Gyroscope,-0.068526864,0.0015516001999999998,0.0015271623000000002,1551290180129
110,110,166,Accelerometer,0.31124622,9.40203,3.0490158,1551290180129
111,111,166,Gyroscope,-0.061807346,0.0052167904,0.0039706229999999995,1551290180139
112,112,166,Accelerometer,0.39743748,9.41041,3.288436,1551290180140
113,113,166,Gyroscope,-0.05386609999999999,-0.008222245,0.0027488926,1551290180149
114,114,166,Accelerometer,0.6596026,9.289502,3.0154970000000003,1551290180149
115,115,166,Gyroscope,-0.04959004,0.027818806,-0.0009162994,1551290180159
116,116,166,Accelerometer,0.49320555,9.320627,2.9652187999999997,1551290180159
117,117,166,Gyroscope,-0.047757443,0.04492303,-0.0039706253,1551290180168
118,118,166,Accelerometer,0.19273324,9.3182335,2.9293058,1551290180169
119,119,166,Gyroscope,-0.042259656,0.003995060999999999,-0.0015271641,1551290180179
120,120,166,Accelerometer,0.31124622,9.369708000000001,2.9771897999999997,1551290180180
121,121,166,Gyroscope,-0.03676187,-0.00028099678,-0.007635817,1551290180189
122,122,166,Accelerometer,0.61291564,9.321824000000001,3.2549171,1551290180189
123,123,166,Gyroscope,-0.03676187,0.05530774,-0.012522738,1551290180199
124,124,166,Accelerometer,0.14604631,9.314642,3.2740707000000002,1551290180199
125,125,166,Gyroscope,-0.034929276,0.036981784,-0.009468411999999999,1551290180208
126,126,166,Accelerometer,-0.02873042,9.339781,3.241749,1551290180209
127,127,166,Gyroscope,-0.03004235,-0.027769932999999997,-0.0021380298,1551290180219
128,128,166,Accelerometer,0.17836803,9.132683,3.369839,1551290180220
129,129,166,Gyroscope,-0.02637716,0.006438521700000001,-0.0045814905,1551290180229
130,130,166,Accelerometer,0.5602431999999999,8.950723,3.5733461,1551290180229
131,131,166,Gyroscope,-0.019046776,0.049809955,-0.0070249513,1551290180239
132,132,166,Accelerometer,0.37349546,9.269152,3.7229836000000005,1551290180239
133,133,166,Gyroscope,-0.007440338,0.0015516001999999998,-0.0039706253,1551290180248
134,134,166,Accelerometer,0.32800564,9.485827,2.813187,1551290180250
135,135,166,Gyroscope,-0.0037751459000000005,-0.06747617,-0.024740044,1551290180259
136,136,166,Accelerometer,1.079785,9.53012,2.8874072999999996,1551290180259
137,137,166,Gyroscope,-0.01110553,0.08890533,-0.03940081,1551290180269
138,138,166,Accelerometer,-0.25258827,9.7958765,3.4213142,1551290180269
139,139,166,Gyroscope,-0.015381586000000001,0.13594195,-0.005803221,1551290180278
140,140,166,Accelerometer,-0.9756372,9.643844999999999,2.112883,1551290180280
141,141,166,Gyroscope,-0.005607743,-0.18537317,0.008246679,1551290180289
142,142,166,Accelerometer,0.80564886,9.127894,3.4739866000000004,1551290180289
143,143,166,Gyroscope,0.0053878324,-0.008833109,-0.010690143000000001,1551290180299
144,144,166,Accelerometer,0.39743748,9.214086,4.0402154999999995,1551290180299
145,145,166,Gyroscope,0.0047769668,0.14815927,-0.0070249513,1551290180308
146,146,166,Accelerometer,0.077811554,10.117896,2.3427265,1551290180310
147,147,166,Gyroscope,0.0011117756,-0.16704720000000003,-0.005803221,1551290180319
148,148,166,Accelerometer,0.36391866,10.444705,2.6503813,1551290180319
149,149,166,Gyroscope,-0.01110553,-0.021050414,0.0003054319,1551290180329
150,150,166,Accelerometer,0.6428431,9.859323,3.3614593,1551290180329
151,151,166,Gyroscope,-0.019657642,0.10906388,-0.0021380298,1551290180338
152,152,166,Accelerometer,0.93134445,9.260772,3.3363202000000003,1551290180340
153,153,166,Gyroscope,-0.015381586000000001,-0.03937637,-0.0039706253,1551290180349
154,154,166,Accelerometer,-0.16280572,9.320627,2.9855695,1551290180349
155,155,166,Gyroscope,-0.021490238999999998,-0.008833109,0.0015271623000000002,1551290180359
156,156,166,Accelerometer,0.3172317,9.734824,3.1675289,1551290180359
157,157,166,Gyroscope,-0.031874947,0.0718011,0.00946841,1551290180368
158,158,166,Accelerometer,-0.29568392,9.731233,2.9125464,1551290180370
159,159,166,Gyroscope,-0.034929276,-0.046706755,0.010690141499999998,1551290180379
160,160,166,Accelerometer,0.770933,9.247603999999999,3.0382418999999996,1551290180379
161,161,166,Gyroscope,-0.024544563,-0.005778784,0.0009162966,1551290180389
162,162,166,Accelerometer,0.61052144,9.113529,3.1088709999999997,1551290180389
163,163,166,Gyroscope,-0.028820622999999997,0.09562485,-0.006414085999999999,1551290180399
164,164,166,Accelerometer,1.0965444,9.271546,2.9221232,1551290180399
165,165,166,Gyroscope,-0.028820622999999997,-0.029602528,-0.055894174000000005,1551290180409
166,166,166,Accelerometer,1.2401965,9.384072999999999,2.7952304,1551290180410
167,167,166,Gyroscope,-0.028820622999999997,0.28377134,-0.022907447,1551290180419
168,168,166,Accelerometer,-0.6332663000000001,9.776722999999999,4.224569,1551290180419
169,169,166,Gyroscope,-0.02271197,-0.052815408,0.016187929,1551290180429
170,170,166,Accelerometer,-1.6376339,9.603143,3.1771057000000003,1551290180429
171,171,166,Gyroscope,-0.015992451,-0.20736432,0.03756821,1551290180438
172,172,166,Accelerometer,0.15083471,9.200917,3.4919431000000003,1551290180440
173,173,166,Gyroscope,-0.0037751459000000005,0.084629275,0.010079276,1551290180449
174,174,166,Accelerometer,1.6759412,8.53892,3.8019924,1551290180449
175,175,166,Gyroscope,0.025546385,0.22146308,0.025961772999999997,1551290180459
176,176,166,Accelerometer,0.33279404,8.239645,3.7780502,1551290180459
177,177,166,Gyroscope,0.057922244000000005,-0.12795183,0.011911871000000001,1551290180468
178,178,166,Accelerometer,0.2861071,10.140641,2.621651,1551290180470
179,179,166,Gyroscope,0.022492059,-0.12611923,-0.0015271641,1551290180479
180,180,166,Accelerometer,0.89782566,10.299856,1.5454572,1551290180479
181,181,166,Gyroscope,0.007831293000000001,0.49818507,0.027794367,1551290180489
182,182,166,Accelerometer,0.20111294,9.277532,4.8518495999999995,1551290180489
183,183,166,Gyroscope,0.04265061,-0.08335867,0.02107485,1551290180498
184,184,166,Accelerometer,0.46926352,8.002619000000001,2.4636335,1551290180500
185,185,166,Gyroscope,0.072583005,-0.26234218,-0.020463988,1551290180509
186,186,166,Accelerometer,1.0821792,8.522161,3.2776620000000003,1551290180509
187,187,166,Gyroscope,0.04692667,0.26666713,-0.020463988,1551290180519
188,188,166,Accelerometer,0.7206547,9.952697,3.7014358,1551290180519
189,189,166,Gyroscope,0.037763692,0.04247957,-0.01618793,1551290180528
190,190,166,Accelerometer,0.6631939,10.00896,2.3475148999999997,1551290180529
191,191,166,Gyroscope,0.05547878,-0.044263295999999994,-0.0051923557,1551290180539
192,192,166,Accelerometer,0.37708676,8.451532,3.3315318,1551290180540
193,193,166,Gyroscope,0.093963295,0.068746775,-0.02657264,1551290180549
194,194,166,Accelerometer,1.1671733999999998,8.063671000000001,4.5322237,1551290180549
195,195,166,Gyroscope,0.11106752,-0.003946188,-0.042455137000000004,1551290180559
196,196,166,Accelerometer,0.62368953,8.916007,2.4839842,1551290180559
197,197,166,Gyroscope,0.11778703,0.013768903999999998,-0.023518313,1551290180568
198,198,166,Accelerometer,0.011971008,9.28232,2.4971522999999998,1551290180570
199,199,166,Gyroscope,0.13000435,0.06569245,-0.008246682,1551290180579
200,200,166,Accelerometer,0.16519992,8.992621,2.682703,1551290180579
201,201,166,Gyroscope,0.1642128,-0.17865364,-0.058948494000000004,1551290180589
202,202,166,Accelerometer,2.3989902,8.137891999999999,1.7262194,1551290180589
203,203,166,Gyroscope,0.18253876,0.14205061,-0.07910705,1551290180599
204,204,166,Accelerometer,1.2186487,8.307879,2.7090392000000003,1551290180600
205,205,166,Gyroscope,0.21247116,0.28438220000000003,-0.022907447,1551290180609
206,206,166,Accelerometer,-1.5095441,10.226832,2.6611552000000005,1551290180609
207,207,166,Gyroscope,0.22041239999999998,-0.5201273,-0.011301008000000001,1551290180619
208,208,166,Accelerometer,2.055422,8.554482,2.5234885,1551290180619
209,209,166,Gyroscope,0.23140797,-0.049150214000000005,-0.0290161,1551290180628
210,210,166,Accelerometer,1.1468226000000001,9.267955,1.9057846,1551290180630
211,211,166,Gyroscope,0.24240355,0.22879347,-0.048563786,1551290180639
212,212,166,Accelerometer,-0.51714754,9.822212,0.8367735000000001,1551290180640
213,213,166,Gyroscope,0.24362528,-0.35458285,-0.02657264,1551290180649
214,214,166,Accelerometer,-0.4405331,10.225636,2.0757727999999998,1551290180649
215,215,166,Gyroscope,0.19048001,0.033927456,-0.010690143000000001,1551290180658
216,216,166,Accelerometer,1.1911154,10.712855000000001,3.3123782,1551290180659
217,217,166,Gyroscope,0.15627155,0.28743654,-0.018631391,1551290180669
218,218,166,Accelerometer,0.39504328,10.013748,3.788824,1551290180669
219,219,166,Gyroscope,0.15688242,-0.027769932999999997,-0.010690143000000001,1551290180679
220,220,166,Accelerometer,0.04070143,10.168175,3.1866825,1551290180679
221,221,166,Gyroscope,0.14405425,-0.16826893,-0.008246682,1551290180689
222,222,166,Accelerometer,1.1516110000000002,11.5616,2.0817582999999997,1551290180689
223,223,166,Gyroscope,0.08357859,0.007660251,-0.030237831,1551290180699
224,224,166,Accelerometer,1.3491327,10.304644999999999,1.6938977,1551290180700
225,225,166,Gyroscope,0.034709364,0.28316048,-0.02779437,1551290180709
226,226,166,Accelerometer,-0.39624038,11.650186,1.733402,1551290180709
227,227,166,Gyroscope,0.018216003,0.103566095,0.013744466,1551290180719
228,228,166,Accelerometer,-1.316811,10.542867999999999,1.3838485,1551290180719
229,229,166,Gyroscope,0.031655036,-0.21713816,0.029626964,1551290180728
230,230,166,Accelerometer,3.4249055,20.912155,2.8335377999999998,1551290180730
231,231,166,Gyroscope,0.056700513,-0.49080577,-0.0033597602000000003,1551290180739
232,232,166,Accelerometer,-3.643975,2.5091232999999997,1.8866308999999997,1551290180739
233,233,166,Gyroscope,0.097017616,0.47130698,-0.11759156,1551290180749
234,234,166,Accelerometer,2.597709,4.909311,9.79827,1551290180749
235,235,166,Gyroscope,0.15566069,1.0302486,-0.024740044,1551290180758
236,236,166,Accelerometer,-7.706935400000001,11.98657,-5.792771,1551290180759
237,237,166,Gyroscope,0.108624056,-0.9776654,0.15241088,1551290180769
238,238,166,Accelerometer,-0.27533320000000006,16.260220999999998,-9.989806,1551290180770
239,239,166,Gyroscope,0.024324656,-1.5317201999999999,0.19394971,1551290180779
240,240,166,Accelerometer,5.637148000000001,16.56189,-8.383297,1551290180779
241,241,166,Gyroscope,-0.17298481,0.52872825,0.08643743,1551290180789
242,242,166,Accelerometer,11.038467,14.385561,-5.2181625,1551290180789
243,243,166,Gyroscope,-0.29821220000000004,1.6563855,-0.05345071,1551290180798
244,244,166,Accelerometer,0.8643068000000002,12.458228,-5.1319714,1551290180800
245,245,166,Gyroscope,-0.27499932,1.1420370000000002,0.0693332,1551290180809
246,246,166,Accelerometer,-2.100912,10.499771,1.661576,1551290180809
247,247,166,Gyroscope,-0.19497596,-0.10290636,-0.0045814905,1551290180819
248,248,166,Accelerometer,-2.2014685000000003,12.389994,3.6140475,1551290180819
249,249,166,Gyroscope,-0.27744278,-0.2568444,0.08093964,1551290180828
250,250,166,Accelerometer,-11.09114,17.782932000000002,-4.337096,1551290180829
251,251,166,Gyroscope,-0.6109751999999999,0.6081408,0.28985557,1551290180839
252,252,166,Accelerometer,-3.288436,10.405201,2.9209259999999997,1551290180840
253,253,166,Gyroscope,-0.58715147,0.0046059247,0.19517145,1551290180849
254,254,166,Accelerometer,14.0312195,1.3503298000000001,5.6299653,1551290180849
255,255,166,Gyroscope,-0.34158364,-1.9568824,-0.17623463,1551290180859
256,256,166,Accelerometer,20.813992000000002,5.5725045,0.5291186,1551290180859
257,257,166,Gyroscope,-0.48330438,1.8885143,-0.70280045,1551290180868
258,258,166,Accelerometer,17.201141,4.9344497,4.009091000000001,1551290180870
259,259,166,Gyroscope,-0.25117558,3.4535513,-0.49266282,1551290180879
260,260,166,Accelerometer,-5.865794,15.656882000000001,20.622456,1551290180879
261,261,166,Gyroscope,-0.17787173,-1.1218296,-0.30329457,1551290180889
262,262,166,Accelerometer,-13.869610999999999,3.3854012000000004,-9.385271000000001,1551290180889
263,263,166,Gyroscope,-0.18825644,-1.9074023,0.019242255,1551290180898
264,264,166,Accelerometer,-19.077,8.5473,4.0629599999999995,1551290180900
265,265,166,Gyroscope,-0.26522547,0.074244566,0.22632557,1551290180909
266,266,166,Accelerometer,-5.3678,5.16549,5.5605335,1551290180909
267,267,166,Gyroscope,-0.19558683,0.21779789,0.08032878,1551290180919
268,268,166,Accelerometer,2.3199813,9.996989,0.12689269,1551290180919
269,269,166,Gyroscope,-0.15588059,-0.93918085,0.034513882999999995,1551290180928
270,270,166,Accelerometer,0.9552864999999999,8.251616499999999,-4.5274353,1551290180930
271,271,166,Gyroscope,-0.023933701,-0.44438002,-0.109650314,1551290180939
272,272,166,Accelerometer,5.149928,6.1638722,-1.2868833999999998,1551290180939
273,273,166,Gyroscope,-0.0025534164000000003,0.42793554,-0.15363261,1551290180949
274,274,166,Accelerometer,8.505402,10.651803,0.62608373,1551290180949
275,275,166,Gyroscope,-0.036151003,0.707101,-0.06627888,1551290180959
276,276,166,Accelerometer,-3.2142158,14.775816,-3.7816415,1551290180959
277,277,166,Gyroscope,-0.09051801,0.19702847,0.12858713,1551290180968
278,278,166,Accelerometer,-9.051279,10.425550999999999,-3.6260185,1551290180970
279,279,166,Gyroscope,-0.017825048,-0.90558326,0.14019357,1551290180979
280,280,166,Accelerometer,2.6886885,9.606734,0.20949265,1551290180979
281,281,166,Gyroscope,-0.08502023,-0.32220697,0.044287726,1551290180989
282,282,166,Accelerometer,6.8881183,10.019734,3.2166099999999997,1551290180989
283,283,166,Gyroscope,-0.12961338,0.97160566,-0.06627888,1551290180999
284,284,166,Accelerometer,5.729325,9.682152,6.5445504,1551290180999
285,285,166,Gyroscope,-0.1399981,0.24345425,-0.09743301,1551290181009
286,286,166,Accelerometer,-1.0618285,10.392033,1.6735470000000001,1551290181010
287,287,166,Gyroscope,-0.14610675,-0.92818534,-0.091935225,1551290181019
288,288,166,Accelerometer,0.48003745,10.641029,2.8395232999999998,1551290181019
289,289,166,Gyroscope,-0.19192164,0.13960715,-0.08643743400000001,1551290181029
290,290,166,Accelerometer,2.516306,8.128314999999999,7.067683000000001,1551290181029
291,291,166,Gyroscope,-0.16687617,0.73336816,-0.11759156,1551290181038
292,292,166,Accelerometer,1.0462662,5.98311,6.63553,1551290181040
293,293,166,Gyroscope,-0.0660834,-0.35580456,-0.11453724,1551290181049
294,294,166,Accelerometer,-1.8207904,7.3334399999999995,3.4548330000000003,1551290181049
295,295,166,Gyroscope,-0.11739607,-0.6930022,-0.052839845,1551290181059
296,296,166,Accelerometer,-3.5386300000000004,13.304579,0.42018240000000007,1551290181059
297,297,166,Gyroscope,-0.20536068,0.005827656,0.010690141499999998,1551290181068
298,298,166,Accelerometer,1.3946223999999998,9.605537,2.0530279,1551290181069
299,299,166,Gyroscope,-0.21696712,0.15487878,-0.0027488945,1551290181079
300,300,166,Accelerometer,0.7254431,6.955156,2.7425580000000003,1551290181080
301,301,166,Gyroscope,-0.15099366,-0.10473895,-0.055894174000000005,1551290181089
302,302,166,Accelerometer,-1.590947,6.878541499999999,4.1958385,1551290181089
303,303,166,Gyroscope,-0.069748595,-0.03815464,-0.04917465,1551290181099
304,304,166,Accelerometer,-0.7625531999999999,9.3182335,1.62686,1551290181099
305,305,166,Gyroscope,-0.05997475,-0.43949312,-0.10781772,1551290181108
306,306,166,Accelerometer,0.025139118,10.765528,2.0015526,1551290181110
307,307,166,Gyroscope,-0.10090272,-0.0045570526,-0.09376782,1551290181119
308,308,166,Accelerometer,-0.5746084,10.20289,3.8726212999999996,1551290181119
309,309,166,Gyroscope,-0.11250916,0.20619145,-0.05345071,1551290181129
310,310,166,Accelerometer,-1.0354922,8.762777999999999,2.2421699,1551290181129
311,311,166,Gyroscope,-0.07524638,-0.45904079999999997,-0.07666359,1551290181139
312,312,166,Accelerometer,0.62967503,13.609839000000001,3.7732617999999993,1551290181139
313,313,166,Gyroscope,-0.21330193,-0.3008267,-0.05100725,1551290181149
314,314,166,Accelerometer,-0.30166942,10.133459,0.61411273,1551290181150
315,315,166,Gyroscope,-0.23346047,-0.23912929999999996,-0.032681294,1551290181159
316,316,166,Accelerometer,4.2461166,13.910312,0.29209262,1551290181159
317,317,166,Gyroscope,-0.31898162,0.5672128000000001,-0.08827003,1551290181169
318,318,166,Accelerometer,-1.3180081,3.7780502,8.327033,1551290181169
319,319,166,Gyroscope,-0.19558683,0.14449407,-0.07971792,1551290181178
320,320,166,Accelerometer,-0.5650316,6.540959,3.8522705999999998,1551290181179
321,321,166,Gyroscope,-0.14121982,-0.6832284000000001,-0.08521569999999999,1551290181189
322,322,166,Accelerometer,1.2066777,5.783194,5.981913,1551290181190
323,323,166,Gyroscope,-0.119839534,-0.1303953,-0.11575897,1551290181199
324,324,166,Accelerometer,2.3139958,11.061212,4.31914,1551290181199
325,325,166,Gyroscope,-0.21208020000000002,0.46764177,-0.14630222,1551290181209
326,326,166,Accelerometer,-1.6077063999999999,15.449782999999998,2.349909,1551290181209
327,327,166,Gyroscope,-0.38373333,-0.25562268,-0.07238753,1551290181218
328,328,166,Accelerometer,-3.2561142000000003,13.721169,-3.3446998999999997,1551290181220
329,329,166,Gyroscope,-0.39167458,-0.9397918,-0.08582657,1551290181229
330,330,166,Accelerometer,6.933608,10.383653,3.5996822999999996,1551290181229
331,331,166,Gyroscope,-0.44909593,1.0302486,-0.18967366,1551290181239
332,332,166,Accelerometer,1.7106571,1.1109096,11.300632,1551290181239
333,333,166,Gyroscope,-0.27011240000000003,0.55866075,-0.24831672,1551290181248
334,334,166,Accelerometer,1.5466543,5.969942,3.2776620000000003,1551290181250
335,335,166,Gyroscope,-0.028209757000000002,-0.20125566,-0.10415253,1551290181259
336,336,166,Accelerometer,-14.553154999999999,16.686388,0.712275,1551290181260
337,337,166,Gyroscope,-0.029431488,-0.15727337,0.32711834,1551290181269
338,338,166,Accelerometer,-13.901932,25.333048,3.3159695,1551290181269
339,339,166,Gyroscope,-0.3067643,-0.7461475000000001,0.71929383,1551290181279
340,340,166,Accelerometer,8.070853999999999,10.656591,-2.0386627,1551290181279
341,341,166,Gyroscope,-0.21513452,-0.82128394,0.5506949999999999,1551290181288
342,342,166,Accelerometer,6.319495,0.9576806999999999,7.6219410000000005,1551290181290
343,343,166,Gyroscope,-0.09418321,1.550095,0.30329459999999997,1551290181299
344,344,166,Accelerometer,9.467871,2.0973208,4.1132383,1551290181299
345,345,166,Gyroscope,0.020048598,0.6374624,0.2275473,1551290181309
346,346,166,Accelerometer,-3.9647980000000005,8.165425,-0.17477672,1551290181309
347,347,166,Gyroscope,0.0047769668,-0.1566625,0.40653083,1551290181319
348,348,166,Accelerometer,-2.7281928,11.599907,-0.6799533,1551290181319
349,349,166,Gyroscope,-0.007440338,0.5403347,0.42424592,1551290181329
350,350,166,Accelerometer,1.3012487,6.9647326000000005,3.359065,1551290181330
351,351,166,Gyroscope,0.2344623,0.5458324999999999,0.22510384,1551290181339
352,352,166,Accelerometer,9.459491,0.23942018,8.700529,1551290181339
353,353,166,Gyroscope,0.5649404,0.17564820000000003,-0.028405233999999998,1551290181349
354,354,166,Accelerometer,8.580819,-3.2968156000000004,7.8146744,1551290181349
355,355,166,Gyroscope,0.7317066,0.3424144,-0.099265605,1551290181358
356,356,166,Accelerometer,2.0925324,-0.05865794,3.681085,1551290181359
357,357,166,Gyroscope,0.76408243,0.35157737,-0.02657264,1551290181369
358,358,166,Accelerometer,-2.7353754,6.7923503,0.4333505,1551290181370
359,359,166,Gyroscope,0.75369775,-0.1004629,0.11820242,1551290181379
360,360,166,Accelerometer,0.33518824,11.548432,0.019153614,1551290181379
361,361,166,Gyroscope,0.7225436,-0.16460374,0.0027488926,1551290181389
362,362,166,Accelerometer,6.1100025,12.61864,0.3878607,1551290181389
363,363,166,Gyroscope,0.40855888,0.8304957000000001,-0.030848697,1551290181399
364,364,166,Accelerometer,-1.2797008,27.976248,-2.9029696,1551290181400
365,365,166,Gyroscope,0.39084378,0.8317174999999999,0.22021692,1551290181409
366,366,166,Accelerometer,-7.961917999999999,7.134721300000001,4.4448357000000005,1551290181409
367,367,166,Gyroscope,0.04692667,-1.8469267,0.08032878,1551290181419
368,368,166,Accelerometer,6.767211,26.37333,-13.402741,1551290181419
369,369,166,Gyroscope,0.11290011,1.5922446000000001,0.055894165999999995,1551290181428
370,370,166,Accelerometer,5.494693,2.2002714,21.167137,1551290181429
371,371,166,Gyroscope,0.097017616,1.423035,0.083383106,1551290181439
372,372,166,Accelerometer,-1.9548656999999998,8.063671000000001,4.6244005999999995,1551290181440
373,373,166,Gyroscope,0.24667960000000003,-0.90375066,-0.0711658,1551290181449
374,374,166,Accelerometer,2.2409727999999998,6.1542954000000005,4.0773253,1551290181449
375,375,166,Gyroscope,0.2833315,-0.644133,-0.07971792,1551290181459
376,376,166,Accelerometer,2.5354595,7.48188,5.6407394,1551290181459
377,377,166,Gyroscope,-0.055087823,1.5158865,-0.04184427,1551290181468
378,378,166,Accelerometer,-1.1456255,29.660567999999998,2.2230163,1551290181470
379,379,166,Gyroscope,-0.24384518,0.08890533,0.1554652,1551290181479
380,380,166,Accelerometer,-8.434772500000001,15.808914000000001,-9.704897,1551290181479
381,381,166,Gyroscope,-0.3513575,-0.6624589,0.07422012,1551290181489
382,382,166,Accelerometer,6.4906807,8.793902000000001,-1.2306197,1551290181489
383,383,166,Gyroscope,-0.11373089,2.1212542,0.029626964,1551290181498
384,384,166,Accelerometer,3.3782187000000006,-2.0087352,15.811307999999999,1551290181499
385,385,166,Gyroscope,0.05059186,0.28560394,0.0045814887,1551290181509
386,386,166,Accelerometer,-2.1918917,5.567716000000001,1.3515268999999999,1551290181510
387,387,166,Gyroscope,0.23018624,-1.6532824000000002,-0.024129177999999998,1551290181519
388,388,166,Accelerometer,3.2190042,4.3957543,3.5541922999999995,1551290181519
389,389,166,Gyroscope,0.20758423,0.47985908,-0.076052725,1551290181529
390,390,166,Accelerometer,-3.7134068,10.66138,-0.044292733,1551290181529
391,391,166,Gyroscope,0.09885022,1.5891904,-0.011911874,1551290181538
392,392,166,Accelerometer,-1.9931729,20.280085,-2.3774424,1551290181540
393,393,166,Gyroscope,0.04387234,-1.5579875,-0.09437868,1551290181549
394,394,166,Accelerometer,-8.768764,10.096349,-3.3315318,1551290181549
395,395,166,Gyroscope,-0.12594819,-0.5219599,-0.05100725,1551290181559
396,396,166,Accelerometer,3.2357635,14.155717999999998,-3.1986535,1551290181559
397,397,166,Gyroscope,-0.24262346,1.3711114,-0.08155051599999999,1551290181568
398,398,166,Accelerometer,2.8443117,4.940435400000001,6.060921700000001,1551290181569
399,399,166,Gyroscope,-0.116174355,0.8958583000000001,-0.080328785,1551290181579
400,400,166,Accelerometer,-4.7572790000000005,3.7517139999999998,7.699753,1551290181580
401,401,166,Gyroscope,0.07746993,-0.7553104,-0.13775012,1551290181589
402,402,166,Accelerometer,0.8655039000000001,3.157952,7.843405000000001,1551290181589
403,403,166,Gyroscope,0.1923126,-1.1499294,-0.15118915,1551290181599
404,404,166,Accelerometer,1.1695676000000002,4.9559975,6.241683999999999,1551290181599
405,405,166,Gyroscope,0.17337579,0.4022792,-0.2519819,1551290181608
406,406,166,Accelerometer,0.4141969,15.142129,6.100425700000001,1551290181610
407,407,166,Gyroscope,-0.12716992,0.38089892,0.05100725,1551290181620
408,408,166,Accelerometer,-14.069526999999999,23.654713,-15.91785,1551290181620
409,409,166,Gyroscope,-0.38128987,-2.121205,0.14508049,1551290181629
410,410,166,Accelerometer,7.0808516,16.667234,-15.054739999999999,1551290181629
411,411,166,Gyroscope,-0.40083757,-0.55494666,0.09560041,1551290181639
412,412,166,Accelerometer,16.047136,-3.7445314,18.617310999999997,1551290181639
413,413,166,Gyroscope,-0.22796269,3.2715134999999997,-0.23487769,1551290181649
414,414,166,Accelerometer,-1.7729063000000003,2.9640217,7.410054,1551290181650
415,415,166,Gyroscope,-0.025155429,0.28499308,0.011301005,1551290181659
416,416,166,Accelerometer,-5.2265425,5.42167,-3.752911,1551290181659
417,417,166,Gyroscope,0.117176175,-2.6801467,-0.19944751,1551290181669
418,418,166,Accelerometer,-4.4448357000000005,5.175066999999999,2.328361,1551290181669
419,419,166,Gyroscope,0.16665626,-0.57266176,-0.076052725,1551290181678
420,420,166,Accelerometer,0.6488286999999999,6.8749504,5.437232,1551290181679
421,421,166,Gyroscope,0.11167839,1.8982881,-0.047342055,1551290181689
422,422,166,Accelerometer,-5.3402667,29.152996,-7.2580222999999995,1551290181690
423,423,166,Gyroscope,-0.07646811,-1.0369194,0.09621127,1551290181699
424,424,166,Accelerometer,-1.4030021000000001,14.429853,-8.591593,1551290181699
425,425,166,Gyroscope,-0.17115222,-2.71069,0.16462818,1551290181709
426,426,166,Accelerometer,10.947486999999999,8.734048,1.9177556,1551290181709
427,427,166,Gyroscope,-0.13938722,2.113313,0.024129177,1551290181718
428,428,166,Accelerometer,7.4028716,5.3247046,7.1095820000000005,1551290181720
429,429,166,Gyroscope,-0.10884397,2.0980412999999998,-0.06017022599999999,1551290181729
430,430,166,Accelerometer,-8.195352999999999,6.048950700000001,-3.241749,1551290181729
431,431,166,Gyroscope,0.056089647,-1.3075326999999999,-0.061391957000000004,1551290181739
432,432,166,Accelerometer,-2.2888567,9.039309,-2.2469582999999997,1551290181739
433,433,166,Gyroscope,0.0762482,-1.8188269,0.007635815,1551290181748
434,434,166,Accelerometer,2.6420016,7.395689,6.1662664000000005,1551290181749
435,435,166,Gyroscope,-0.012327258999999998,1.1206566999999998,-0.083383106,1551290181759
436,436,166,Accelerometer,4.0054994,7.314286,7.420828299999999,1551290181760
437,437,166,Gyroscope,0.022492059,1.3014728000000002,-0.036957346,1551290181769
438,438,166,Accelerometer,-3.8007953000000003,7.738060000000001,1.7848773999999998,1551290181769
439,439,166,Gyroscope,0.15993674,-1.3625106000000002,0.013744466,1551290181779
440,440,166,Accelerometer,-2.2361843999999995,9.461885,0.8343792999999999,1551290181779
441,441,166,Gyroscope,-0.16504356,-0.52073824,0.14141529999999997,1551290181788
442,442,166,Accelerometer,-3.4847605,21.325155,-7.717708999999999,1551290181789
443,443,166,Gyroscope,-0.43504602,0.22757174,0.11881329,1551290181799
444,444,166,Accelerometer,9.7863,17.960104,-6.1387334000000005,1551290181800
445,445,166,Gyroscope,-0.35502267,1.9605964,0.07360926,1551290181809
446,446,166,Accelerometer,2.8323407000000005,3.0514099999999997,12.406754,1551290181809
447,447,166,Gyroscope,-0.1980303,0.058362067000000004,0.03023783,1551290181819
448,448,166,Accelerometer,-3.5769374,6.0824695,3.25372,1551290181819
449,449,166,Gyroscope,-0.07035945,-1.6068566,0.031459562,1551290181828
450,450,166,Accelerometer,0.3172317,6.542155999999999,2.4025814999999997,1551290181830
451,451,166,Gyroscope,-0.104567915,0.1878655,-0.054672442,1551290181839
452,452,166,Accelerometer,4.915296,7.9391727,5.659893,1551290181839
453,453,166,Gyroscope,-0.13144597,1.4376957000000001,-0.129198,1551290181849
454,454,166,Accelerometer,2.2218192,10.168175,3.311181,1551290181849
455,455,166,Gyroscope,-0.10945482599999999,-0.007611379000000001,0.019853119,1551290181859
456,456,166,Accelerometer,-6.871359,10.431536999999999,0.046686932,1551290181859
457,457,166,Gyroscope,-0.012938125,-1.2549982,0.083383106,1551290181869
458,458,166,Accelerometer,-0.4429273,7.9750857,1.9500773,1551290181870
459,459,166,Gyroscope,-0.05081177,-0.23546411,-0.11209378,1551290181879
460,460,166,Accelerometer,7.223306699999999,10.660183,3.3674447999999995,1551290181879
461,461,166,Gyroscope,-0.052033502999999995,1.3179662,-0.01374447,1551290181889
462,462,166,Accelerometer,-1.1037270000000001,7.9750857,5.8945246,1551290181889
463,463,166,Gyroscope,-0.07585725,-0.34480900000000003,0.04184427,1551290181898
464,464,166,Accelerometer,-2.9496564999999997,11.020511,-1.8722657,1551290181900
465,465,166,Gyroscope,-0.0007208194599999999,-0.8096774999999999,0.066278875,1551290181909
466,466,166,Accelerometer,0.90261406,8.550891,5.026626599999999,1551290181909
467,467,166,Gyroscope,-0.047146577,-0.14444520000000002,-0.08155051599999999,1551290181919
468,468,166,Accelerometer,5.398925,10.667366000000001,1.7764976000000003,1551290181919
469,469,166,Gyroscope,-0.108233094,0.47741562,-0.19700405,1551290181929
470,470,166,Accelerometer,6.5792660000000005,10.42196,3.004723,1551290181929
471,471,166,Gyroscope,-0.10701138,0.65151227,-0.16096300000000002,1551290181938
472,472,166,Accelerometer,-1.7429788,10.107122,5.1355624,1551290181940
473,473,166,Gyroscope,-0.11067656,-0.5879333999999999,-0.14019358,1551290181949
474,474,166,Accelerometer,-1.8890251,11.291056,1.7968484,1551290181949
475,475,166,Gyroscope,-0.15160453,-0.4889732,-0.1432479,1551290181959
476,476,166,Accelerometer,-0.12449849,10.229227,4.173094,1551290181959
477,477,166,Gyroscope,-0.18642385,0.35463172,-0.13652839,1551290181968
478,478,166,Accelerometer,0.39743748,9.150639,4.794389,1551290181970
479,479,166,Gyroscope,-0.21574539,-0.0008918624400000001,-0.09071349,1551290181979
480,480,166,Accelerometer,-2.5941176,10.151415,2.3606830000000003,1551290181979
481,481,166,Gyroscope,-0.22918442,-0.43094099999999996,-0.024129177999999998,1551290181989
482,482,166,Accelerometer,-1.5251063999999999,8.890868,4.4220904999999995,1551290181989
483,483,166,Gyroscope,-0.24567778,0.19275242,0.05161811400000001,1551290181999
484,484,166,Accelerometer,-1.9273324,8.230068,3.2776620000000003,1551290181999
485,485,166,Gyroscope,-0.18825644,-0.22630113,0.04367686,1551290182008
486,486,166,Accelerometer,0.81642276,6.5744777,3.6320040000000002,1551290182010
487,487,166,Gyroscope,-0.091739744,-0.33747859999999996,-0.009468411999999999,1551290182019
488,488,166,Accelerometer,1.4137761999999998,5.3330839999999995,4.0892963,1551290182019
489,489,166,Gyroscope,-0.030653216,0.21107838,-0.02779437,1551290182029
490,490,166,Accelerometer,-0.47285482,7.1131735,3.8474822,1551290182029
491,491,166,Gyroscope,0.039596286,0.016823232,-0.03329216,1551290182038
492,492,166,Accelerometer,0.38307226,7.1873937,3.4751837,1551290182039
493,493,166,Gyroscope,0.12939347,-0.47919935,-0.055894174000000005,1551290182049
494,494,166,Accelerometer,0.2741361,7.1227503,4.0689459999999995,1551290182050
495,495,166,Gyroscope,0.14344338,-0.009443975,-0.04673119,1551290182059
496,496,166,Accelerometer,-1.5729905,8.842984,3.5386300000000004,1551290182059
497,497,166,Gyroscope,0.14649771,0.028429667999999998,-0.013133603999999998,1551290182069
498,498,166,Accelerometer,-1.9213468999999996,10.184934,1.8770541,1551290182069
499,499,166,Gyroscope,0.1642128,-0.62947226,-0.0045814905,1551290182078
500,500,166,Accelerometer,1.328782,10.0987425,2.681506,1551290182080
501,501,166,Gyroscope,0.16176935,-0.38512609999999997,-0.05833763,1551290182089
502,502,166,Accelerometer,2.1535845,9.157822,4.6818614,1551290182089
503,503,166,Gyroscope,0.15138464,0.26361278,-0.07360926,1551290182099
504,504,166,Accelerometer,-0.6619968,8.870517999999999,3.9576154000000003,1551290182099
505,505,166,Gyroscope,0.17826270000000002,-0.22813374,-0.07666359,1551290182109
506,506,166,Accelerometer,-3.5996822999999996,14.618996,-0.58538234,1551290182109
507,507,166,Gyroscope,0.11106752,-0.9721675999999999,-0.02535091,1551290182119
508,508,166,Accelerometer,7.314286,9.022549,3.3674447999999995,1551290182120
509,509,166,Gyroscope,0.10434800400000001,-0.281279,-0.13164146,1551290182129
510,510,166,Accelerometer,2.5091232999999997,12.105083,4.1216183,1551290182129
511,511,166,Gyroscope,0.035931095,0.8555412,-0.16157386,1551290182139
512,512,166,Accelerometer,-2.8574797999999997,8.963891,2.658761,1551290182139
513,513,166,Gyroscope,0.054867915999999996,-0.43338445,-0.11209378,1551290182148
514,514,166,Accelerometer,-5.389348,12.679692,-1.8579005000000002,1551290182149
515,515,166,Gyroscope,0.0035552364,-0.9843849,-0.03573562,1551290182159
516,516,166,Accelerometer,1.3060371000000002,8.514978,2.7952304,1551290182160
517,517,166,Gyroscope,-0.021490238999999998,-0.19759047,-0.080328785,1551290182169
518,518,166,Accelerometer,0.7733272,9.770736999999999,2.932897,1551290182169
519,519,166,Gyroscope,-0.04653571,0.45847879999999996,-0.08216138,1551290182179
520,520,166,Accelerometer,1.340753,8.90643,3.3782187000000006,1551290182179
521,521,166,Gyroscope,0.06952868400000001,-0.36802188,-0.08643743400000001,1551290182188
522,522,166,Accelerometer,-0.4429273,7.845799,1.3275848999999997,1551290182190
523,523,166,Gyroscope,0.13794559,-0.6282505,-0.06383542,1551290182199
524,524,166,Accelerometer,1.541866,9.498994999999999,2.4636335,1551290182199
525,525,166,Gyroscope,0.12023049599999999,0.15854397,-0.01740966,1551290182209
526,526,166,Accelerometer,-1.7884687,10.338163,0.8439561,1551290182209
527,527,166,Gyroscope,0.14099991,0.106620416,0.041233405,1551290182218
528,528,166,Accelerometer,0.11252748,7.983465700000001,0.8343792999999999,1551290182220
529,529,166,Gyroscope,0.15382808,-0.47919935,0.04795292,1551290182229
530,530,166,Accelerometer,-1.376666,8.655039,0.6584055,1551290182229
531,531,166,Gyroscope,0.12572828,-0.31060055,-0.03573562,1551290182239
532,532,166,Accelerometer,4.1515455,11.469422999999999,1.1611878,1551290182239
533,533,166,Gyroscope,0.029211577000000002,0.20496972,-0.02779437,1551290182249
534,534,166,Accelerometer,-0.1352724,11.99495,0.62967503,1551290182249
535,535,166,Gyroscope,0.0017226413000000001,-0.18781662,-0.07788532,1551290182258
536,536,166,Accelerometer,1.4616601,11.1893015,1.8171991000000003,1551290182260
537,537,166,Gyroscope,0.026768114,0.015601501,0.019853119,1551290182269
538,538,166,Accelerometer,-3.7912182999999997,10.120291,4.51307,1551290182269
539,539,166,Gyroscope,0.018216003,-0.6319157,0.033903018,1551290182279
540,540,166,Accelerometer,0.3196259,10.509348,0.9612719999999999,1551290182279
541,541,166,Gyroscope,0.033487632999999996,-0.2867768,-0.0070249513,1551290182289
542,542,166,Accelerometer,3.834314,10.335769,4.000711,1551290182289
543,543,166,Gyroscope,0.059143975,0.6429600999999999,0.0003054319,1551290182299
544,544,166,Accelerometer,2.1523874,7.5525093,6.3302693,1551290182300
545,545,166,Gyroscope,0.034098500000000004,-0.23607498,0.021685714,1551290182309
546,546,166,Accelerometer,-0.8355764000000001,9.799467,-0.91937345,1551290182309
547,547,166,Gyroscope,0.02737898,-0.7687495,-0.023518313,1551290182319
548,548,166,Accelerometer,3.6966474000000002,9.89763,0.82121116,1551290182319
549,549,166,Gyroscope,-0.04959004,0.56782365,-0.024740044,1551290182329
550,550,166,Accelerometer,0.748188,9.397242,2.553416,1551290182330
551,551,166,Gyroscope,-0.021490238999999998,0.5433891,-0.006414085999999999,1551290182339
552,552,166,Accelerometer,-0.45130703,10.635044,2.8287494,1551290182339
553,553,166,Gyroscope,0.022492059,-0.6300831,0.101098195,1551290182349
554,554,166,Accelerometer,-3.4344822999999995,8.176199,-0.60333884,1551290182349
555,555,166,Gyroscope,0.08174598,-0.46820378,0.08582656,1551290182359
556,556,166,Accelerometer,1.0761937,8.067263,3.4033577000000004,1551290182359
557,557,166,Gyroscope,0.032876767,0.29537779999999997,0.09804387,1551290182369
558,558,166,Accelerometer,-0.1436521,10.251971000000001,-0.5231331,1551290182370
559,559,166,Gyroscope,0.042039745,0.032094862,0.09987646,1551290182379
560,560,166,Accelerometer,1.3874398000000001,10.900801,-0.521936,1551290182379
561,561,166,Gyroscope,0.06708522,-0.23363152,0.03023783,1551290182389
562,562,166,Accelerometer,3.7636849999999997,8.254010000000001,0.93254155,1551290182389
563,563,166,Gyroscope,0.05364619,0.48169170000000006,0.05100725,1551290182399
564,564,166,Accelerometer,2.1619642000000003,8.687361,3.0346506,1551290182399
565,565,166,Gyroscope,0.024935521000000002,0.20924579,0.05406157,1551290182408
566,566,166,Accelerometer,0.20231004,11.884817,0.82001406,1551290182410
567,567,166,Gyroscope,0.02127033,-0.37046534,0.06322455,1551290182419
568,568,166,Accelerometer,1.2270284,10.335769,0.15442601,1551290182420
569,569,166,Gyroscope,-0.04164879,0.32531017,0.08032878,1551290182429
570,570,166,Accelerometer,0.07062895,10.281899000000001,2.5043349999999998,1551290182429
571,571,166,Gyroscope,-0.050200906,0.43160072,0.085215695,1551290182439
572,572,166,Accelerometer,6.429629,7.396886299999999,3.9456443999999995,1551290182439
573,573,166,Gyroscope,0.06708522,-0.5060774,-0.122478485,1551290182448
574,574,166,Accelerometer,2.2996306,7.538144,3.9348705,1551290182449
575,575,166,Gyroscope,0.026768114,0.7578026999999999,-0.030848697,1551290182459
576,576,166,Accelerometer,-0.80086046,12.160150999999999,-0.6955156,1551290182460
577,577,166,Gyroscope,0.031655036,-0.28616592,-0.10842858,1551290182469
578,578,166,Accelerometer,1.8255788,9.063251,0.20350714,1551290182469
579,579,166,Gyroscope,0.039596286,-0.05525887,-0.08155051599999999,1551290182479
580,580,166,Accelerometer,-3.4871547,10.00896,2.1416135,1551290182479
581,581,166,Gyroscope,-0.019046776,0.3723468,-0.014966199,1551290182489
582,582,166,Accelerometer,-2.8814217999999996,10.997766,-1.1827357,1551290182489
583,583,166,Gyroscope,-0.015992451,-0.3906239,-0.011911874,1551290182498
584,584,166,Accelerometer,0.80684596,9.370906,0.6979098000000001,1551290182500
585,585,166,Gyroscope,0.007831293000000001,-0.45048869999999996,-0.052839845,1551290182509
586,586,166,Accelerometer,2.336741,9.350553999999999,2.7557259999999997,1551290182510
587,587,166,Gyroscope,-0.040427063,0.46153313,-0.0711658,1551290182519
588,588,166,Accelerometer,-0.51475334,9.716867,1.258153,1551290182519
589,589,166,Gyroscope,-0.030653216,0.01804496,-0.06017022599999999,1551290182529
590,590,166,Accelerometer,-0.80804306,9.727641,0.25498247,1551290182529
591,591,166,Gyroscope,-0.011716396,-0.44315829999999995,-0.034513887,1551290182539
592,592,166,Accelerometer,-0.664391,9.929952,1.3299791,1551290182539
593,593,166,Gyroscope,-0.047146577,-0.011887436000000001,-0.025961772999999997,1551290182549
594,594,166,Accelerometer,0.35553896,10.144233,2.542642,1551290182550
595,595,166,Gyroscope,-0.04836831,0.12311378,-0.007635817,1551290182559
596,596,166,Accelerometer,1.0570401000000003,9.204509,1.6256628999999998,1551290182559
597,597,166,Gyroscope,-0.016603317,-0.3289265,-0.019242257,1551290182569
598,598,166,Accelerometer,0.9804255999999999,9.181764,1.4891934,1551290182569
599,599,166,Gyroscope,-0.01477072,-0.017996088,-0.025961772999999997,1551290182579
600,600,166,Accelerometer,0.6691794,10.044872999999999,2.018312,1551290182579
601,601,166,Gyroscope,-0.020268506999999998,0.090737924,-0.014355333999999999,1551290182588
602,602,166,Accelerometer,0.1352724,9.961076,0.12090719,1551290182590
603,603,166,Gyroscope,0.006609563000000001,-0.3460307,-0.01374447,1551290182599
604,604,166,Accelerometer,1.1587936,10.061633,-0.093373865,1551290182600
605,605,166,Gyroscope,0.00050091,-0.09618684,-0.014355333999999999,1551290182609
606,606,166,Accelerometer,1.3694833999999998,10.196905000000001,0.545878,1551290182609
607,607,166,Gyroscope,-0.020879373,0.09990089999999999,-0.023518313,1551290182619
608,608,166,Accelerometer,0.91099375,10.571598,0.51714754,1551290182619
609,609,166,Gyroscope,-0.047757443,-0.04487416,-0.008246682,1551290182628
610,610,166,Accelerometer,0.06464344,9.951499,2.1823148999999997,1551290182629
611,611,166,Gyroscope,-0.068526864,0.054696873,0.02107485,1551290182639
612,612,166,Accelerometer,-0.1328782,9.370906,4.548983,1551290182640
613,613,166,Gyroscope,-0.07891157,-0.007611379000000001,0.014966196999999999,1551290182649
614,614,166,Accelerometer,0.10055647,9.816227,3.527856,1551290182649
615,615,166,Gyroscope,-0.07524638,-0.34175467,0.007635815,1551290182659
616,616,166,Accelerometer,0.80325466,9.885659,2.9233203,1551290182659
617,617,166,Gyroscope,-0.10090272,-0.0063896487,0.007024949399999999,1551290182669
618,618,166,Accelerometer,1.2988545,10.043676,2.15957,1551290182669
619,619,166,Gyroscope,-0.10212445,0.106620416,-0.01374447,1551290182678
620,620,166,Accelerometer,1.0462662,9.011775,2.4253263,1551290182680
621,621,166,Gyroscope,-0.069748595,-0.07908261,-0.00030543376000000003,1551290182689
622,622,166,Accelerometer,-0.35194764,9.306262,1.6771383000000002,1551290182690
623,623,166,Gyroscope,-0.06302908,-0.058313195,0.00946841,1551290182699
624,624,166,Accelerometer,-0.23223756,9.91798,1.3970166000000002,1551290182699
625,625,166,Gyroscope,-0.0379836,0.01804496,-0.0015271641,1551290182709
626,626,166,Accelerometer,0.5566519,9.470264,2.2074540000000002,1551290182709
627,627,166,Gyroscope,-0.018435913999999998,-0.04976108,0.0003054319,1551290182718
628,628,166,Accelerometer,-0.44651863,9.276335000000001,1.3012487,1551290182719
629,629,166,Gyroscope,-0.0043860115,-0.18292971,-0.01618793,1551290182729
630,630,166,Accelerometer,0.82001406,9.7719345,1.1336545,1551290182730
631,631,166,Gyroscope,0.002333506,-0.026548203,-0.03329216,1551290182739
632,632,166,Accelerometer,0.9624690999999999,9.343372,1.7705121,1551290182739
633,633,166,Gyroscope,0.0090530235,0.010103714,-0.04795292,1551290182749
634,634,166,Accelerometer,0.9564835999999999,9.448717,2.3403322999999996,1551290182749
635,635,166,Gyroscope,0.025546385,-0.104128085,-0.03573562,1551290182759
636,636,166,Accelerometer,0.3878607,9.239224,2.0626047,1551290182759
637,637,166,Gyroscope,0.024324656,-0.14811039,-0.03940081,1551290182769
638,638,166,Accelerometer,0.94810385,10.032902,2.433706,1551290182770
639,639,166,Gyroscope,0.010274754,-0.0033353232,-0.032681294,1551290182779
640,640,166,Accelerometer,1.1109096,10.005369,2.6408044999999998,1551290182779
641,641,166,Gyroscope,-0.0043860115,0.0046059247,-0.028405233999999998,1551290182789
642,642,166,Accelerometer,0.94331545,9.599552000000001,2.4672248,1551290182789
643,643,166,Gyroscope,0.0017226413000000001,-0.050371945,-0.022296581,1551290182799
644,644,166,Accelerometer,0.61291564,9.5013895,2.4827871,1551290182799
645,645,166,Gyroscope,-0.0007208194599999999,-0.05892406,-0.016798794,1551290182808
646,646,166,Accelerometer,0.60932434,9.431957,2.2493525,1551290182810
647,647,166,Gyroscope,-0.004996877,0.0052167904,-0.011301008000000001,1551290182819
648,648,166,Accelerometer,0.58777654,9.417591999999999,2.315193,1551290182820
649,649,166,Gyroscope,-0.008051204000000001,-0.03815464,-0.0070249513,1551290182829
650,650,166,Accelerometer,0.23104046,9.877279,1.7010802999999999,1551290182829
651,651,166,Gyroscope,-0.009883799,-0.08030434,-0.0070249513,1551290182839
652,652,166,Accelerometer,0.93254155,10.049662,1.4041992,1551290182839
653,653,166,Gyroscope,-0.012938125,0.040646974,-0.00030543376000000003,1551290182848
654,654,166,Accelerometer,0.50038815,9.698911,1.6244658,1551290182850
655,655,166,Gyroscope,-0.005607743,-0.008222245,0.0039706229999999995,1551290182859
656,656,166,Accelerometer,0.6715736,9.651027000000001,1.484405,1551290182860
657,657,166,Gyroscope,-0.008662069,-0.08885646,-0.0009162994,1551290182869
658,658,166,Accelerometer,0.712275,10.019734,0.90740246,1551290182869
659,659,166,Gyroscope,-0.0019425508,0.026597075,-0.015577065,1551290182879
660,660,166,Accelerometer,1.6316483999999998,9.753978,1.6795325,1551290182879
661,661,166,Gyroscope,-0.012327258999999998,0.12128119,-0.015577065,1551290182888
662,662,166,Accelerometer,0.31483752,9.582792,1.0067618,1551290182890
663,663,166,Gyroscope,-0.008051204000000001,-0.041208968,-0.005803221,1551290182899
664,664,166,Accelerometer,0.5518635000000001,9.698911,1.8231846,1551290182900
665,665,166,Gyroscope,-0.004996877,0.01437977,-0.013133603999999998,1551290182909
666,666,166,Accelerometer,0.8810662,9.915586,1.246182,1551290182909
667,667,166,Gyroscope,-0.0068294723,0.005827656,-0.014966199,1551290182919
668,668,166,Accelerometer,1.0702082,9.449914,1.8471266,1551290182919
669,669,166,Gyroscope,-0.0062186066,0.057140335,-0.019242257,1551290182928
670,670,166,Accelerometer,0.7038953,9.80665,1.6232687,1551290182929
671,671,166,Gyroscope,-0.004996877,0.022931881,-0.014355333999999999,1551290182939
672,672,166,Accelerometer,0.36391866,9.733627,1.4628572,1551290182940
673,673,166,Gyroscope,-0.0037751459000000005,-0.013720032,-0.0027488945,1551290182949
674,674,166,Accelerometer,0.80804306,9.561244,1.6591818,1551290182950
675,675,166,Gyroscope,-0.0013316851,0.057140335,-0.0070249513,1551290182959
676,676,166,Accelerometer,0.9684546,9.548077000000001,2.1906946,1551290182959
677,677,166,Gyroscope,-0.0019425508,0.054696873,-0.007635817,1551290182969
678,678,166,Accelerometer,0.3196259,9.982624000000001,1.2844891999999999,1551290182969
679,679,166,Gyroscope,-0.0062186066,-0.04365243,0.0027488926,1551290182978
680,680,166,Accelerometer,0.6464345,9.974244,1.1552023,1551290182980
681,681,166,Gyroscope,-0.008051204000000001,0.058972932,0.0033597574,1551290182989
682,682,166,Accelerometer,0.8846575000000001,9.465475999999999,1.9117701,1551290182990
683,683,166,Gyroscope,-0.0025534164000000003,0.07729889,-0.00030543376000000003,1551290182999
684,684,166,Accelerometer,0.41180268,9.921572,1.2844891999999999,1551290182999
685,685,166,Gyroscope,-0.0025534164000000003,-0.06503271,-0.00030543376000000003,1551290183009
686,686,166,Accelerometer,0.70509243,9.792285000000001,1.1923125,1551290183009
687,687,166,Gyroscope,-0.009272933,0.03759265,-0.00030543376000000003,1551290183018
688,688,166,Accelerometer,0.80205756,9.5732155,2.12246,1551290183019
689,689,166,Gyroscope,-0.008051204000000001,0.15304618,-0.0039706253,1551290183029
690,690,166,Accelerometer,0.16759412,9.715671,1.5143325,1551290183030
691,691,166,Gyroscope,-0.0007208194599999999,-0.052815408,0.0064140838,1551290183039
692,692,166,Accelerometer,0.37828386,9.763555,1.30484,1551290183039
693,693,166,Gyroscope,-0.0013316851,-0.06747617,0.0027488926,1551290183049
694,694,166,Accelerometer,1.4269443000000002,9.665392,1.7525556,1551290183049
695,695,166,Gyroscope,-0.0068294723,0.14082888,-0.008246682,1551290183059
696,696,166,Accelerometer,0.5363011999999999,9.801862,1.2641385,1551290183059
697,697,166,Gyroscope,-0.0062186066,0.055918604000000004,-0.0021380298,1551290183068
698,698,166,Accelerometer,0.5231331,9.959878999999999,0.90979666,1551290183070
699,699,166,Gyroscope,0.002333506,-0.08274780000000001,0.005803218000000001,1551290183079
700,700,166,Accelerometer,0.7134720999999999,9.830592,1.1456255,1551290183080
701,701,166,Gyroscope,-0.004996877,0.08157495,-0.0033597602000000003,1551290183089
702,702,166,Accelerometer,1.1611878,9.652225,1.5813701999999998,1551290183089
703,703,166,Gyroscope,-0.0068294723,0.13777454,-0.007635817,1551290183099
704,704,166,Accelerometer,0.51954174,9.678560000000001,1.3263878,1551290183099
705,705,166,Gyroscope,0.0035552364,-0.0051679183,-0.0021380298,1551290183108
706,706,166,Accelerometer,0.6440403,9.821015,1.3491327,1551290183109
707,707,166,Gyroscope,-0.008662069,0.0296514,-0.0021380298,1551290183119
708,708,166,Accelerometer,0.7721300999999999,9.6845455,1.9788077000000002,1551290183120
709,709,166,Gyroscope,-0.010494663999999999,0.14754839,-0.0021380298,1551290183129
710,710,166,Accelerometer,0.35314476,9.791088,1.9524715,1551290183129
711,711,166,Gyroscope,-0.0019425508,-0.07419569,0.0051923534,1551290183139
712,712,166,Accelerometer,0.4321534000000001,9.594764,1.6089035,1551290183139
713,713,166,Gyroscope,-0.0013316851,0.010103714,-0.00030543376000000003,1551290183149
714,714,166,Accelerometer,1.0726023999999998,9.589975,1.8866308999999997,1551290183149
715,715,166,Gyroscope,-0.0019425508,0.15121359,-0.0015271641,1551290183158
716,716,166,Accelerometer,0.8750806999999999,9.574411999999999,1.7908629,1551290183160
717,717,166,Gyroscope,0.0035552364,0.023542747000000003,0.0027488926,1551290183169
718,718,166,Accelerometer,0.2861071,9.622296,1.3970166000000002,1551290183169
719,719,166,Gyroscope,0.0029443707,-0.0045570526,0.010079276,1551290183179
720,720,166,Accelerometer,0.38426940000000004,9.8198185,1.5514427,1551290183179
721,721,166,Gyroscope,-0.00010995566999999999,0.10051177,0.005803218000000001,1551290183189
722,722,166,Accelerometer,0.65242,9.697714,1.7405846,1551290183189
723,723,166,Gyroscope,0.0017226413000000001,0.07119024,0.0003054319,1551290183198
724,724,166,Accelerometer,0.48482585,9.727641,1.578976,1551290183200
725,725,166,Gyroscope,0.0053878324,0.0107145775,0.0021380270000000002,1551290183209
726,726,166,Accelerometer,0.38187516,9.695319999999999,1.6807296000000003,1551290183210
727,727,166,Gyroscope,0.0047769668,0.05042082,0.0033597574,1551290183219
728,728,166,Accelerometer,0.32441434,9.671378,1.9201498,1551290183219
729,729,166,Gyroscope,0.006609563000000001,0.008271117,-0.00030543376000000003,1551290183229
730,730,166,Accelerometer,0.5374983,9.712079,1.8471266,1551290183229
731,731,166,Gyroscope,0.01088562,-0.023493875,-0.0033597602000000003,1551290183238
732,732,166,Accelerometer,0.63206923,9.740809,1.7082629,1551290183239
733,733,166,Gyroscope,0.0035552364,0.058972932,-0.0051923557,1551290183249
734,734,166,Accelerometer,0.62488663,9.850943,1.7190368000000003,1551290183250
735,735,166,Gyroscope,0.0011117756,0.055918604000000004,-0.0045814905,1551290183259
736,736,166,Accelerometer,0.35075054,9.7863,1.5849615,1551290183260
737,737,166,Gyroscope,0.0017226413000000001,0.013158038,-0.0021380298,1551290183269
738,738,166,Accelerometer,0.24420857,9.853337,1.5490485,1551290183269
739,739,166,Gyroscope,0.0017226413000000001,0.02232102,-0.0027488945,1551290183279
740,740,166,Accelerometer,0.51834464,9.816227,1.6340426000000001,1551290183279
741,741,166,Gyroscope,-0.0037751459000000005,0.04614476,-0.008246682,1551290183289
742,742,166,Accelerometer,0.712275,9.822212,1.7094599999999998,1551290183289
743,743,166,Gyroscope,-0.003164282,0.043090437,-0.008857547,1551290183298
744,744,166,Accelerometer,0.5650316,9.79827,1.7477672,1551290183300
745,745,166,Gyroscope,-0.0062186066,0.021099287999999997,-0.008857547,1551290183309
746,746,166,Accelerometer,0.4405331,9.846153999999999,1.7585411,1551290183310
747,747,166,Gyroscope,-0.0062186066,0.011936308999999999,-0.0051923557,1551290183319
748,748,166,Accelerometer,0.59256494,9.659407,1.9177556,1551290183319
749,749,166,Gyroscope,-0.0013316851,0.0015516001999999998,-0.0027488945,1551290183329
750,750,166,Accelerometer,0.59495914,9.660604,1.7932571,1551290183329
751,751,166,Gyroscope,-0.0025534164000000003,0.0052167904,-0.005803221,1551290183339
752,752,166,Accelerometer,0.7589619000000001,9.755175,1.6376339,1551290183339
753,753,166,Gyroscope,-0.003164282,0.03453832,-0.005803221,1551290183348
754,754,166,Accelerometer,0.59615624,9.750386,1.5382746,1551290183350
755,755,166,Gyroscope,-0.0013316851,0.031483997,-0.0027488945,1551290183359
756,756,166,Accelerometer,0.58657944,9.767146,1.4329298000000001,1551290183360
757,757,166,Gyroscope,-0.0013316851,0.02720794,-0.0033597602000000003,1551290183369
758,758,166,Accelerometer,0.7170634,9.734824,1.5598223999999998,1551290183369
759,759,166,Gyroscope,-0.0025534164000000003,0.06080553,-0.0027488945,1551290183379
760,760,166,Accelerometer,0.62967503,9.7563715,1.6711528000000002,1551290183379
761,761,166,Gyroscope,-0.004996877,0.058362067000000004,-0.0021380298,1551290183389
762,762,166,Accelerometer,0.5327099000000001,9.7803135,1.6328455,1551290183389
763,763,166,Gyroscope,-0.003164282,0.026597075,0.0015271623000000002,1551290183398
764,764,166,Accelerometer,0.63087213,9.767146,1.7262194,1551290183400
765,765,166,Gyroscope,-0.0043860115,0.048588224000000006,-0.0009162994,1551290183409
766,766,166,Accelerometer,0.5758055000000001,9.764750999999999,1.7968484,1551290183410
767,767,166,Gyroscope,-0.007440338,0.06324899,-0.0015271641,1551290183419
768,768,166,Accelerometer,0.4369418,9.758766,1.7537526999999997,1551290183419
769,769,166,Gyroscope,-0.004996877,0.032094862,-0.0021380298,1551290183429
770,770,166,Accelerometer,0.34715924,9.750386,1.733402,1551290183429
771,771,166,Gyroscope,-0.0068294723,0.032094862,0.0003054319,1551290183439
772,772,166,Accelerometer,0.44532153,9.757569,1.7501613999999999,1551290183439
773,773,166,Gyroscope,-0.005607743,0.04247957,0.0009162966,1551290183448
774,774,166,Accelerometer,0.5279215,9.759963,1.7190368000000003,1551290183449
775,775,166,Gyroscope,-0.007440338,0.047977358,-0.0021380298,1551290183459
776,776,166,Accelerometer,0.45130703,9.78989,1.7190368000000003,1551290183460
777,777,166,Gyroscope,-0.012327258999999998,0.068746775,0.0009162966,1551290183469
778,778,166,Accelerometer,0.3890578,9.710882000000002,1.8351556,1551290183469
779,779,166,Gyroscope,-0.009883799,0.051642552,0.0045814887,1551290183479
780,780,166,Accelerometer,0.30406362,9.634267999999999,1.9596541,1551290183479
781,781,166,Gyroscope,-0.008051204000000001,0.057751199999999996,0.00946841,1551290183489
782,782,166,Accelerometer,0.33518824,9.719261999999999,1.8914193,1551290183489
783,783,166,Gyroscope,-0.009883799,0.04919909,0.010079276,1551290183498
784,784,166,Accelerometer,0.17357962,9.696517,2.0219033,1551290183500
785,785,166,Gyroscope,-0.01110553,0.04614476,0.0088575445,1551290183509
786,786,166,Accelerometer,0.5267244000000001,9.65821,2.0817582999999997,1551290183510
787,787,166,Gyroscope,-0.013548991000000002,0.04919909,0.0088575445,1551290183519
788,788,166,Accelerometer,0.35314476,9.6845455,2.112883,1551290183519
789,789,166,Gyroscope,-0.012327258999999998,0.043701300000000005,0.010079276,1551290183529
790,790,166,Accelerometer,0.4333505,9.665392,2.1296425,1551290183529
791,791,166,Gyroscope,-0.012938125,0.0296514,0.0088575445,1551290183539
792,792,166,Accelerometer,0.46447513,9.671378,2.2026656000000004,1551290183539
793,793,166,Gyroscope,-0.012938125,0.033316594,0.0045814887,1551290183548
794,794,166,Accelerometer,0.38187516,9.695319999999999,2.1990743,1551290183549
795,795,166,Gyroscope,-0.016603317,0.04247957,0.0015271623000000002,1551290183559
796,796,166,Accelerometer,0.29568392,9.726444,2.1739352000000003,1551290183560
797,797,166,Gyroscope,-0.015381586000000001,0.028429667999999998,0.0051923534,1551290183569
798,798,166,Accelerometer,0.11252748,9.652225,2.1428106,1551290183570
799,799,166,Gyroscope,-0.0141598545,0.02232102,0.007635815,1551290183579
800,800,166,Accelerometer,0.34117374,9.552864999999999,2.2936451,1551290183579
801,801,166,Gyroscope,-0.015992451,0.019266691000000002,0.0064140838,1551290183589
802,802,166,Accelerometer,0.33159694,9.707291,2.1643584,1551290183589
803,803,166,Gyroscope,-0.012327258999999998,0.024153612999999997,0.0021380270000000002,1551290183599
804,804,166,Accelerometer,0.46806642,9.619903,2.2517467,1551290183599
805,805,166,Gyroscope,-0.012938125,0.0296514,0.007024949399999999,1551290183608
806,806,166,Accelerometer,0.29927522,9.640253,2.2158337,1551290183610
807,807,166,Gyroscope,-0.011716396,0.01437977,0.007635815,1551290183619
808,808,166,Accelerometer,0.32441434,9.619903,2.1571757999999996,1551290183620
809,809,166,Gyroscope,-0.01110553,0.021099287999999997,0.007635815,1551290183629
810,810,166,Accelerometer,0.35553896,9.589975,2.2134395000000002,1551290183629
811,811,166,Gyroscope,-0.0062186066,0.017434094,0.0088575445,1551290183639
812,812,166,Accelerometer,0.36511576,9.629479,2.1990743,1551290183639
813,813,166,Gyroscope,-0.0068294723,0.013768903999999998,0.0051923534,1551290183649
814,814,166,Accelerometer,0.39983168,9.621099000000001,2.2637177000000004,1551290183649
815,815,166,Gyroscope,-0.0062186066,0.007660251,0.0039706229999999995,1551290183658
816,816,166,Accelerometer,0.39504328,9.640253,2.2409727999999998,1551290183660
817,817,166,Gyroscope,-0.005607743,0.014990635,0.0045814887,1551290183669
818,818,166,Accelerometer,0.32680854,9.646238,2.2984335,1551290183670
819,819,166,Gyroscope,-0.0068294723,0.006438521700000001,0.0033597574,1551290183679
820,820,166,Accelerometer,0.2741361,9.639056,2.2768857000000002,1551290183679
821,821,166,Gyroscope,-0.0043860115,-0.007611379000000001,0.0009162966,1551290183689
822,822,166,Accelerometer,0.27533320000000006,9.643844999999999,2.2816741,1551290183689
823,823,166,Gyroscope,-0.0062186066,-0.00028099678,-0.0009162994,1551290183699
824,824,166,Accelerometer,0.35434186,9.651027000000001,2.2816741,1551290183699
825,825,166,Gyroscope,-0.0037751459000000005,-0.0027244575,-0.0021380298,1551290183708
826,826,166,Accelerometer,0.37229836,9.66659,2.2385786,1551290183710
827,827,166,Gyroscope,-0.005607743,-0.009443975,-0.0021380298,1551290183719
828,828,166,Accelerometer,0.35673606,9.674969,2.2002714,1551290183720
829,829,166,Gyroscope,-0.0043860115,-0.007611379000000001,-0.0045814905,1551290183729
830,830,166,Accelerometer,0.44173019999999996,9.651027000000001,2.2266076,1551290183729
831,831,166,Gyroscope,-0.004996877,0.00032986887000000003,-0.0039706253,1551290183739
832,832,166,Accelerometer,0.36990416,9.639056,2.2373814999999997,1551290183739
833,833,166,Gyroscope,-0.0043860115,-0.015552627,-0.0045814905,1551290183749
834,834,166,Accelerometer,0.37828386,9.653421,2.2074540000000002,1551290183749
835,835,166,Gyroscope,-0.0007208194599999999,-0.015552627,-0.006414085999999999,1551290183758
836,836,166,Accelerometer,0.47524905,9.631872999999999,2.2230163,1551290183760
837,837,166,Gyroscope,-0.0019425508,-0.0051679183,-0.0070249513,1551290183769
838,838,166,Accelerometer,0.45489833,9.647436,2.1871033,1551290183770
839,839,166,Gyroscope,-0.003164282,-0.011887436000000001,-0.006414085999999999,1551290183779
840,840,166,Accelerometer,0.37948096,9.648633,2.15957,1551290183779
841,841,166,Gyroscope,-0.0013316851,-0.011887436000000001,-0.008246682,1551290183789
842,842,166,Accelerometer,0.40102878,9.654618,2.183512,1551290183789
843,843,166,Gyroscope,-0.0019425508,-0.011887436000000001,-0.008246682,1551290183798
844,844,166,Accelerometer,0.415394,9.672575,2.1906946,1551290183799
845,845,166,Gyroscope,-0.0013316851,-0.011887436000000001,-0.009468411999999999,1551290183809
846,846,166,Accelerometer,0.3866636,9.668983,2.2038627,1551290183810
847,847,166,Gyroscope,-0.0043860115,-0.015552627,-0.010690143000000001,1551290183819
848,848,166,Accelerometer,0.36152446,9.668983,2.2254104999999997,1551290183820
849,849,166,Gyroscope,-0.004996877,-0.014941761999999999,-0.008857547,1551290183829
850,850,166,Accelerometer,0.34596214,9.653421,2.232593,1551290183829
851,851,166,Gyroscope,-0.0043860115,-0.011887436000000001,-0.006414085999999999,1551290183839
852,852,166,Accelerometer,0.34835634,9.634267999999999,2.2337902,1551290183839
853,853,166,Gyroscope,-0.005607743,-0.011887436000000001,-0.005803221,1551290183848
854,854,166,Accelerometer,0.25737667,9.651027000000001,2.2301989,1551290183849
855,855,166,Gyroscope,-0.0068294723,-0.019828685,-0.0039706253,1551290183858
856,856,166,Accelerometer,0.35434186,9.637858999999999,2.2373814999999997,1551290183860
857,857,166,Gyroscope,-0.0025534164000000003,-0.025326472000000003,-0.0039706253,1551290183869
858,858,166,Accelerometer,0.4261679,9.631872999999999,2.2960392999999995,1551290183870
859,859,166,Gyroscope,-0.005607743,-0.011276571,-0.0070249513,1551290183879
860,860,166,Accelerometer,0.40462008,9.637858999999999,2.3139958,1551290183879
861,861,166,Gyroscope,-0.005607743,-0.011276571,-0.0070249513,1551290183889
862,862,166,Accelerometer,0.2885013,9.642648,2.268506,1551290183889
863,863,166,Gyroscope,-0.0025534164000000003,-0.035100315,-0.0039706253,1551290183899
864,864,166,Accelerometer,0.39264908,9.648633,2.3666685000000003,1551290183899
865,865,166,Gyroscope,-0.004996877,-0.026548203,-0.0045814905,1551290183908
866,866,166,Accelerometer,0.22266077,9.65821,2.1799207000000003,1551290183909
867,867,166,Gyroscope,-0.0037751459000000005,-0.12245405,-0.0021380298,1551290183919
868,868,166,Accelerometer,0.24899697,9.679757,2.2014685000000003,1551290183920
869,869,166,Gyroscope,-0.003164282,-0.13406049,-0.0015271641,1551290183929
870,870,166,Accelerometer,0.34476504,9.659407,2.268506,1551290183929
871,871,166,Gyroscope,-0.004996877,-0.12184318,-0.0021380298,1551290183939
872,872,166,Accelerometer,0.40821138,9.64145,2.2972363999999996,1551290183939
873,873,166,Gyroscope,-0.0037751459000000005,-0.11329107,-0.0051923557,1551290183949
874,874,166,Accelerometer,0.44173019999999996,9.622296,2.2756886,1551290183949
875,875,166,Gyroscope,-0.0037751459000000005,-0.09740857,-0.0045814905,1551290183958
876,876,166,Accelerometer,0.44771573,9.646238,2.2900537999999995,1551290183959
877,877,166,Gyroscope,-0.005607743,-0.061978385,-0.0051923557,1551290183968
878,878,166,Accelerometer,0.4333505,9.645041,2.3139958,1551290183970
879,879,166,Gyroscope,-0.0062186066,-0.007000514300000001,-0.006414085999999999,1551290183979
880,880,166,Accelerometer,0.47285482,9.637858999999999,2.3211784,1551290183980
881,881,166,Gyroscope,-0.0068294723,0.017434094,-0.008246682,1551290183989
882,882,166,Accelerometer,0.36750996,9.630676,2.2481554,1551290183989
883,883,166,Gyroscope,-0.0068294723,-0.018606953,-0.005803221,1551290183999
884,884,166,Accelerometer,0.38187516,9.635465,2.2266076,1551290183999
885,885,166,Gyroscope,-0.0062186066,-0.03326772,-0.0070249513,1551290184008
886,886,166,Accelerometer,0.40701428,9.648633,2.2110453,1551290184009
887,887,166,Gyroscope,-0.0037751459000000005,-0.06747617,-0.0039706253,1551290184018
888,888,166,Accelerometer,0.46806642,9.645041,2.1823148999999997,1551290184020
889,889,166,Gyroscope,-0.004996877,-0.08824559,-0.0039706253,1551290184029
890,890,166,Accelerometer,0.5267244000000001,9.640253,2.315193,1551290184030
891,891,166,Gyroscope,-0.0043860115,-0.057091462999999995,-0.0045814905,1551290184039
892,892,166,Accelerometer,0.5315128,9.659407,2.2888567,1551290184039
893,893,166,Gyroscope,-0.005607743,-0.00028099678,-0.0070249513,1551290184049
894,894,166,Accelerometer,0.5590460999999999,9.636662,2.315193,1551290184049
895,895,166,Gyroscope,-0.007440338,0.033316594,-0.006414085999999999,1551290184059
896,896,166,Accelerometer,0.5243302,9.621099000000001,2.3092074,1551290184059
897,897,166,Gyroscope,-0.008051204000000001,0.04919909,-0.0051923557,1551290184068
898,898,166,Accelerometer,0.48123455,9.633071000000001,2.3127987,1551290184069
899,899,166,Gyroscope,-0.016603317,0.21474357,-0.0039706253,1551290184079
900,900,166,Accelerometer,0.61291564,9.677363,2.3762453,1551290184080
901,901,166,Gyroscope,-0.017825048,0.24345425,-0.008246682,1551290184089
902,902,166,Accelerometer,0.62129533,9.580399,2.2457612,1551290184089
903,903,166,Gyroscope,-0.0037751459000000005,-0.06747617,-0.0033597602000000003,1551290184099
904,904,166,Accelerometer,0.020350715,9.605537,1.8315643,1551290184099
905,905,166,Gyroscope,0.00050091,-0.10779328,-0.0021380298,1551290184109
906,906,166,Accelerometer,0.48003745,9.624691,2.3606830000000003,1551290184109
907,907,166,Gyroscope,-0.0019425508,-0.08702386,-0.0021380298,1551290184118
908,908,166,Accelerometer,0.40940848,9.623494,2.3930047,1551290184119
909,909,166,Gyroscope,0.0011117756,-0.19820133,-0.0009162994,1551290184128
910,910,166,Accelerometer,0.20111294,9.634267999999999,2.2254104999999997,1551290184130
911,911,166,Gyroscope,0.0017226413000000001,-0.19697961,0.0003054319,1551290184139
912,912,166,Accelerometer,0.4141969,9.631872999999999,2.4528596,1551290184140
913,913,166,Gyroscope,0.0011117756,-0.16949067,0.0015271623000000002,1551290184149
914,914,166,Accelerometer,0.38307226,9.64145,2.4145525,1551290184149
915,915,166,Gyroscope,0.00050091,-0.15788423,-0.0021380298,1551290184159
916,916,166,Accelerometer,0.42736499999999994,9.630676,2.4241292000000003,1551290184159
917,917,166,Gyroscope,-0.0025534164000000003,-0.049150214000000005,-0.0021380298,1551290184168
918,918,166,Accelerometer,0.5518635000000001,9.637858999999999,2.5306710999999997,1551290184169
919,919,166,Gyroscope,-0.009272933,0.04614476,-0.0039706253,1551290184178
920,920,166,Accelerometer,0.5638345,9.628283,2.492364,1551290184180
921,921,166,Gyroscope,-0.005607743,-0.007000514300000001,-0.005803221,1551290184189
922,922,166,Accelerometer,0.33279404,9.605537,2.3235726000000003,1551290184190
923,923,166,Gyroscope,-0.004996877,-0.009443975,-0.0045814905,1551290184199
924,924,166,Accelerometer,0.3866636,9.619903,2.4193408,1551290184199
